model_name,model_path,pretrained_weights,experiment_type,subject_spec_id,held_out_subject,held_out_target,init_mode,transfer_mode,n_train,n_val,n_test,best_epoch,best_val_loss,test_loss,test_ang_error,runtime_sec,stopped_early
subject_spec_transfer_last_two_conv_002_0_bcos,results\models\subject_spec_transfer_last_two_conv_002_0_bcos.pth,results\models\gen_loto_bcos_0.pth,subject_spec_transfer_bcos,002,,0,transfer,last_two_conv,2270,38,59,10,0.3716312348842621,0.3147883713245392,0.3147883713245392,29.38606095314026,True
subject_spec_transfer_last_two_conv_002_1_bcos,results\models\subject_spec_transfer_last_two_conv_002_1_bcos.pth,results\models\gen_loto_bcos_1.pth,subject_spec_transfer_bcos,002,,1,transfer,last_two_conv,2270,38,59,13,0.8871023058891296,0.8008536100387573,0.8008536100387573,25.530675888061523,True
subject_spec_transfer_last_two_conv_002_2_bcos,results\models\subject_spec_transfer_last_two_conv_002_2_bcos.pth,results\models\gen_loto_bcos_2.pth,subject_spec_transfer_bcos,002,,2,transfer,last_two_conv,2275,36,56,16,1.1364604234695435,0.9982196688652039,0.9982196688652039,27.354429721832275,True
subject_spec_transfer_last_two_conv_002_3_bcos,results\models\subject_spec_transfer_last_two_conv_002_3_bcos.pth,results\models\gen_loto_bcos_3.pth,subject_spec_transfer_bcos,002,,3,transfer,last_two_conv,2270,38,59,10,0.5965880155563354,0.55370032787323,0.55370032787323,24.21260166168213,True
subject_spec_transfer_last_two_conv_002_4_bcos,results\models\subject_spec_transfer_last_two_conv_002_4_bcos.pth,results\models\gen_loto_bcos_4.pth,subject_spec_transfer_bcos,002,,4,transfer,last_two_conv,2270,38,59,7,0.7263461947441101,0.6861441135406494,0.6861441135406494,22.85013508796692,True
subject_spec_transfer_last_two_conv_002_5_bcos,results\models\subject_spec_transfer_last_two_conv_002_5_bcos.pth,results\models\gen_loto_bcos_5.pth,subject_spec_transfer_bcos,002,,5,transfer,last_two_conv,2269,39,59,6,0.34434202313423157,0.3277706801891327,0.3277706801891327,22.60974669456482,True
subject_spec_transfer_last_two_conv_002_6_bcos,results\models\subject_spec_transfer_last_two_conv_002_6_bcos.pth,results\models\gen_loto_bcos_6.pth,subject_spec_transfer_bcos,002,,6,transfer,last_two_conv,2270,38,59,9,0.4693046510219574,0.45895883440971375,0.45895883440971375,23.685956716537476,True
subject_spec_transfer_last_two_conv_002_7_bcos,results\models\subject_spec_transfer_last_two_conv_002_7_bcos.pth,results\models\gen_loto_bcos_7.pth,subject_spec_transfer_bcos,002,,7,transfer,last_two_conv,2270,38,59,12,0.5450406074523926,0.5462011694908142,0.5462011694908142,25.107749462127686,True
subject_spec_transfer_last_two_conv_002_8_bcos,results\models\subject_spec_transfer_last_two_conv_002_8_bcos.pth,results\models\gen_loto_bcos_8.pth,subject_spec_transfer_bcos,002,,8,transfer,last_two_conv,2278,35,54,1,1.2190850973129272,1.1646432876586914,1.1646432876586914,20.386852979660034,True
subject_spec_transfer_last_two_conv_002_9_bcos,results\models\subject_spec_transfer_last_two_conv_002_9_bcos.pth,results\models\gen_loto_bcos_9.pth,subject_spec_transfer_bcos,002,,9,transfer,last_two_conv,2278,35,54,11,1.6774907112121582,1.2904773950576782,1.2904773950576782,24.722196340560913,True
subject_spec_transfer_last_two_conv_002_10_bcos,results\models\subject_spec_transfer_last_two_conv_002_10_bcos.pth,results\models\gen_loto_bcos_10.pth,subject_spec_transfer_bcos,002,,10,transfer,last_two_conv,2269,39,59,5,0.9030413627624512,0.8120517134666443,0.8120517134666443,22.006433963775635,True
subject_spec_transfer_last_two_conv_002_11_bcos,results\models\subject_spec_transfer_last_two_conv_002_11_bcos.pth,results\models\gen_loto_bcos_11.pth,subject_spec_transfer_bcos,002,,11,transfer,last_two_conv,2270,38,59,4,1.4567315578460693,1.4439200162887573,1.4439200162887573,21.458929300308228,True
subject_spec_transfer_last_two_conv_002_12_bcos,results\models\subject_spec_transfer_last_two_conv_002_12_bcos.pth,results\models\gen_loto_bcos_12.pth,subject_spec_transfer_bcos,002,,12,transfer,last_two_conv,2275,36,56,3,0.8280889987945557,0.7902657985687256,0.7902657985687256,20.93769860267639,True
subject_spec_transfer_last_two_conv_002_13_bcos,results\models\subject_spec_transfer_last_two_conv_002_13_bcos.pth,results\models\gen_loto_bcos_13.pth,subject_spec_transfer_bcos,002,,13,transfer,last_two_conv,2270,38,59,6,0.44897088408470154,0.504494845867157,0.504494845867157,22.408853769302368,True
subject_spec_transfer_last_two_conv_002_14_bcos,results\models\subject_spec_transfer_last_two_conv_002_14_bcos.pth,results\models\gen_loto_bcos_14.pth,subject_spec_transfer_bcos,002,,14,transfer,last_two_conv,2275,36,56,11,0.9509552121162415,0.685920000076294,0.685920000076294,24.60704231262207,True
subject_spec_transfer_last_two_conv_002_15_bcos,results\models\subject_spec_transfer_last_two_conv_002_15_bcos.pth,results\models\gen_loto_bcos_15.pth,subject_spec_transfer_bcos,002,,15,transfer,last_two_conv,2270,38,59,9,1.1884099245071411,1.1233530044555664,1.1233530044555664,23.649202585220337,True
subject_spec_transfer_last_two_conv_002_16_bcos,results\models\subject_spec_transfer_last_two_conv_002_16_bcos.pth,results\models\gen_loto_bcos_16.pth,subject_spec_transfer_bcos,002,,16,transfer,last_two_conv,2278,35,54,6,1.1501485109329224,1.1507779359817505,1.1507779359817505,22.497526168823242,True
subject_spec_transfer_last_two_conv_002_17_bcos,results\models\subject_spec_transfer_last_two_conv_002_17_bcos.pth,results\models\gen_loto_bcos_17.pth,subject_spec_transfer_bcos,002,,17,transfer,last_two_conv,2290,30,47,5,0.9716135263442993,0.9151028394699097,0.9151028394699097,22.418346643447876,True
subject_spec_transfer_last_two_conv_002_18_bcos,results\models\subject_spec_transfer_last_two_conv_002_18_bcos.pth,results\models\gen_loto_bcos_18.pth,subject_spec_transfer_bcos,002,,18,transfer,last_two_conv,2269,39,59,3,0.6889129877090454,0.5408539772033691,0.5408539772033691,21.01258373260498,True
subject_spec_transfer_last_two_conv_002_19_bcos,results\models\subject_spec_transfer_last_two_conv_002_19_bcos.pth,results\models\gen_loto_bcos_19.pth,subject_spec_transfer_bcos,002,,19,transfer,last_two_conv,2270,38,59,6,1.2417244911193848,1.3711726665496826,1.3711726665496826,22.174774408340454,True
subject_spec_transfer_last_two_conv_002_20_bcos,results\models\subject_spec_transfer_last_two_conv_002_20_bcos.pth,results\models\gen_loto_bcos_20.pth,subject_spec_transfer_bcos,002,,20,transfer,last_two_conv,2269,39,59,20,0.923929750919342,0.8581283092498779,0.8581283092498779,28.68245244026184,True
subject_spec_transfer_last_two_conv_002_21_bcos,results\models\subject_spec_transfer_last_two_conv_002_21_bcos.pth,results\models\gen_loto_bcos_21.pth,subject_spec_transfer_bcos,002,,21,transfer,last_two_conv,2275,36,56,4,1.5163594484329224,1.341922402381897,1.341922402381897,21.392495155334473,True
subject_spec_transfer_last_two_conv_002_22_bcos,results\models\subject_spec_transfer_last_two_conv_002_22_bcos.pth,results\models\gen_loto_bcos_22.pth,subject_spec_transfer_bcos,002,,22,transfer,last_two_conv,2269,39,59,5,0.8472933769226074,0.842624843120575,0.842624843120575,21.97886848449707,True
subject_spec_transfer_last_two_conv_002_23_bcos,results\models\subject_spec_transfer_last_two_conv_002_23_bcos.pth,results\models\gen_loto_bcos_23.pth,subject_spec_transfer_bcos,002,,23,transfer,last_two_conv,2269,39,59,19,0.58199143409729,0.4384410083293915,0.4384410083293915,28.15474581718445,True
subject_spec_transfer_last_two_conv_002_24_bcos,results\models\subject_spec_transfer_last_two_conv_002_24_bcos.pth,results\models\gen_loto_bcos_24.pth,subject_spec_transfer_bcos,002,,24,transfer,last_two_conv,2270,38,59,9,1.1080701351165771,1.0598161220550537,1.0598161220550537,23.590900659561157,True
subject_spec_transfer_last_two_conv_007_0_bcos,results\models\subject_spec_transfer_last_two_conv_007_0_bcos.pth,results\models\gen_loto_bcos_0.pth,subject_spec_transfer_bcos,007,,0,transfer,last_two_conv,2319,36,54,8,3.9044201374053955,3.8753604888916016,3.8753604888916016,28.40578055381775,True
subject_spec_transfer_last_two_conv_007_1_bcos,results\models\subject_spec_transfer_last_two_conv_007_1_bcos.pth,results\models\gen_loto_bcos_1.pth,subject_spec_transfer_bcos,007,,1,transfer,last_two_conv,2311,39,59,13,2.661965847015381,2.559743642807007,2.559743642807007,25.839181184768677,True
subject_spec_transfer_last_two_conv_007_2_bcos,results\models\subject_spec_transfer_last_two_conv_007_2_bcos.pth,results\models\gen_loto_bcos_2.pth,subject_spec_transfer_bcos,007,,2,transfer,last_two_conv,2319,36,54,4,2.4282994270324707,2.177464246749878,2.177464246749878,21.51946783065796,True
subject_spec_transfer_last_two_conv_007_3_bcos,results\models\subject_spec_transfer_last_two_conv_007_3_bcos.pth,results\models\gen_loto_bcos_3.pth,subject_spec_transfer_bcos,007,,3,transfer,last_two_conv,2312,38,59,10,1.7352917194366455,1.478495478630066,1.478495478630066,24.361305236816406,True
subject_spec_transfer_last_two_conv_007_4_bcos,results\models\subject_spec_transfer_last_two_conv_007_4_bcos.pth,results\models\gen_loto_bcos_4.pth,subject_spec_transfer_bcos,007,,4,transfer,last_two_conv,2312,38,59,14,2.808596611022949,2.1914632320404053,2.1914632320404053,26.191121339797974,True
subject_spec_transfer_last_two_conv_007_5_bcos,results\models\subject_spec_transfer_last_two_conv_007_5_bcos.pth,results\models\gen_loto_bcos_5.pth,subject_spec_transfer_bcos,007,,5,transfer,last_two_conv,2317,36,56,11,2.816633701324463,2.7797744274139404,2.7797744274139404,24.741209268569946,True
subject_spec_transfer_last_two_conv_007_6_bcos,results\models\subject_spec_transfer_last_two_conv_007_6_bcos.pth,results\models\gen_loto_bcos_6.pth,subject_spec_transfer_bcos,007,,6,transfer,last_two_conv,2311,39,59,1,2.5861828327178955,2.68422794342041,2.68422794342041,20.130661725997925,True
subject_spec_transfer_last_two_conv_007_7_bcos,results\models\subject_spec_transfer_last_two_conv_007_7_bcos.pth,results\models\gen_loto_bcos_7.pth,subject_spec_transfer_bcos,007,,7,transfer,last_two_conv,2311,39,59,3,2.0818545818328857,2.1515002250671387,2.1515002250671387,21.1102933883667,True
subject_spec_transfer_last_two_conv_007_8_bcos,results\models\subject_spec_transfer_last_two_conv_007_8_bcos.pth,results\models\gen_loto_bcos_8.pth,subject_spec_transfer_bcos,007,,8,transfer,last_two_conv,2311,39,59,2,1.111274003982544,0.9904860258102417,0.9904860258102417,20.4314923286438,True
subject_spec_transfer_last_two_conv_007_9_bcos,results\models\subject_spec_transfer_last_two_conv_007_9_bcos.pth,results\models\gen_loto_bcos_9.pth,subject_spec_transfer_bcos,007,,9,transfer,last_two_conv,2312,38,59,4,0.9785143136978149,0.9682523012161255,0.9682523012161255,21.501038551330566,True
subject_spec_transfer_last_two_conv_007_10_bcos,results\models\subject_spec_transfer_last_two_conv_007_10_bcos.pth,results\models\gen_loto_bcos_10.pth,subject_spec_transfer_bcos,007,,10,transfer,last_two_conv,2311,39,59,11,1.1143693923950195,0.9826617240905762,0.9826617240905762,24.77607798576355,True
subject_spec_transfer_last_two_conv_007_11_bcos,results\models\subject_spec_transfer_last_two_conv_007_11_bcos.pth,results\models\gen_loto_bcos_11.pth,subject_spec_transfer_bcos,007,,11,transfer,last_two_conv,2311,39,59,9,1.2494620084762573,1.257034420967102,1.257034420967102,23.812918186187744,True
subject_spec_transfer_last_two_conv_007_12_bcos,results\models\subject_spec_transfer_last_two_conv_007_12_bcos.pth,results\models\gen_loto_bcos_12.pth,subject_spec_transfer_bcos,007,,12,transfer,last_two_conv,2311,39,59,6,1.8087996244430542,1.131398320198059,1.131398320198059,22.368244886398315,True
subject_spec_transfer_last_two_conv_007_13_bcos,results\models\subject_spec_transfer_last_two_conv_007_13_bcos.pth,results\models\gen_loto_bcos_13.pth,subject_spec_transfer_bcos,007,,13,transfer,last_two_conv,2311,39,59,7,1.0764994621276855,1.0571162700653076,1.0571162700653076,22.938467979431152,True
subject_spec_transfer_last_two_conv_007_14_bcos,results\models\subject_spec_transfer_last_two_conv_007_14_bcos.pth,results\models\gen_loto_bcos_14.pth,subject_spec_transfer_bcos,007,,14,transfer,last_two_conv,2312,38,59,11,0.9059287905693054,0.9174308180809021,0.9174308180809021,24.959487915039062,True
subject_spec_transfer_last_two_conv_007_15_bcos,results\models\subject_spec_transfer_last_two_conv_007_15_bcos.pth,results\models\gen_loto_bcos_15.pth,subject_spec_transfer_bcos,007,,15,transfer,last_two_conv,2311,39,59,11,2.282121419906616,1.9132925271987915,1.9132925271987915,25.03466510772705,True
subject_spec_transfer_last_two_conv_007_16_bcos,results\models\subject_spec_transfer_last_two_conv_007_16_bcos.pth,results\models\gen_loto_bcos_16.pth,subject_spec_transfer_bcos,007,,16,transfer,last_two_conv,2311,39,59,9,1.3923238515853882,1.366629958152771,1.366629958152771,24.061326026916504,True
subject_spec_transfer_last_two_conv_007_17_bcos,results\models\subject_spec_transfer_last_two_conv_007_17_bcos.pth,results\models\gen_loto_bcos_17.pth,subject_spec_transfer_bcos,007,,17,transfer,last_two_conv,2321,35,53,14,1.3554129600524902,1.337024211883545,1.337024211883545,26.421611547470093,True
subject_spec_transfer_last_two_conv_007_18_bcos,results\models\subject_spec_transfer_last_two_conv_007_18_bcos.pth,results\models\gen_loto_bcos_18.pth,subject_spec_transfer_bcos,007,,18,transfer,last_two_conv,2312,38,59,1,1.5297050476074219,1.5944126844406128,1.5944126844406128,20.23106837272644,True
subject_spec_transfer_last_two_conv_007_19_bcos,results\models\subject_spec_transfer_last_two_conv_007_19_bcos.pth,results\models\gen_loto_bcos_19.pth,subject_spec_transfer_bcos,007,,19,transfer,last_two_conv,2311,39,59,7,1.1084210872650146,0.981779158115387,0.981779158115387,22.92334270477295,True
subject_spec_transfer_last_two_conv_007_20_bcos,results\models\subject_spec_transfer_last_two_conv_007_20_bcos.pth,results\models\gen_loto_bcos_20.pth,subject_spec_transfer_bcos,007,,20,transfer,last_two_conv,2312,38,59,5,2.773099660873413,2.7344019412994385,2.7344019412994385,21.973443031311035,True
subject_spec_transfer_last_two_conv_007_21_bcos,results\models\subject_spec_transfer_last_two_conv_007_21_bcos.pth,results\models\gen_loto_bcos_21.pth,subject_spec_transfer_bcos,007,,21,transfer,last_two_conv,2312,38,59,5,1.3068546056747437,1.165390968322754,1.165390968322754,22.077099084854126,True
subject_spec_transfer_last_two_conv_007_22_bcos,results\models\subject_spec_transfer_last_two_conv_007_22_bcos.pth,results\models\gen_loto_bcos_22.pth,subject_spec_transfer_bcos,007,,22,transfer,last_two_conv,2311,39,59,11,0.9524742364883423,1.0084673166275024,1.0084673166275024,24.94400715827942,True
subject_spec_transfer_last_two_conv_007_23_bcos,results\models\subject_spec_transfer_last_two_conv_007_23_bcos.pth,results\models\gen_loto_bcos_23.pth,subject_spec_transfer_bcos,007,,23,transfer,last_two_conv,2312,38,59,15,2.7886159420013428,2.6558964252471924,2.6558964252471924,26.924863815307617,True
subject_spec_transfer_last_two_conv_007_24_bcos,results\models\subject_spec_transfer_last_two_conv_007_24_bcos.pth,results\models\gen_loto_bcos_24.pth,subject_spec_transfer_bcos,007,,24,transfer,last_two_conv,2312,38,59,4,0.9298298358917236,1.0067344903945923,1.0067344903945923,21.441922903060913,True
subject_spec_transfer_last_two_conv_023_0_bcos,results\models\subject_spec_transfer_last_two_conv_023_0_bcos.pth,results\models\gen_loto_bcos_0.pth,subject_spec_transfer_bcos,023,,0,transfer,last_two_conv,2225,38,59,12,2.1820318698883057,2.120649576187134,2.120649576187134,30.244805335998535,True
subject_spec_transfer_last_two_conv_023_1_bcos,results\models\subject_spec_transfer_last_two_conv_023_1_bcos.pth,results\models\gen_loto_bcos_1.pth,subject_spec_transfer_bcos,023,,1,transfer,last_two_conv,2224,39,59,7,1.8988198041915894,1.9564865827560425,1.9564865827560425,22.942433834075928,True
subject_spec_transfer_last_two_conv_023_2_bcos,results\models\subject_spec_transfer_last_two_conv_023_2_bcos.pth,results\models\gen_loto_bcos_2.pth,subject_spec_transfer_bcos,023,,2,transfer,last_two_conv,2235,34,53,12,3.3651700019836426,2.5939409732818604,2.5939409732818604,25.10623550415039,True
subject_spec_transfer_last_two_conv_023_3_bcos,results\models\subject_spec_transfer_last_two_conv_023_3_bcos.pth,results\models\gen_loto_bcos_3.pth,subject_spec_transfer_bcos,023,,3,transfer,last_two_conv,2225,38,59,10,0.7664596438407898,0.7074654698371887,0.7074654698371887,24.006648302078247,True
subject_spec_transfer_last_two_conv_023_4_bcos,results\models\subject_spec_transfer_last_two_conv_023_4_bcos.pth,results\models\gen_loto_bcos_4.pth,subject_spec_transfer_bcos,023,,4,transfer,last_two_conv,2235,34,53,9,2.0941693782806396,1.5937117338180542,1.5937117338180542,23.638794422149658,True
subject_spec_transfer_last_two_conv_023_5_bcos,results\models\subject_spec_transfer_last_two_conv_023_5_bcos.pth,results\models\gen_loto_bcos_5.pth,subject_spec_transfer_bcos,023,,5,transfer,last_two_conv,2231,36,55,21,2.618147134780884,2.3937978744506836,2.3937978744506836,29.224515676498413,True
subject_spec_transfer_last_two_conv_023_6_bcos,results\models\subject_spec_transfer_last_two_conv_023_6_bcos.pth,results\models\gen_loto_bcos_6.pth,subject_spec_transfer_bcos,023,,6,transfer,last_two_conv,2224,39,59,3,0.8952990174293518,0.8340033888816833,0.8340033888816833,20.771518230438232,True
subject_spec_transfer_last_two_conv_023_7_bcos,results\models\subject_spec_transfer_last_two_conv_023_7_bcos.pth,results\models\gen_loto_bcos_7.pth,subject_spec_transfer_bcos,023,,7,transfer,last_two_conv,2241,32,49,12,1.80984365940094,1.8153626918792725,1.8153626918792725,25.33097529411316,True
subject_spec_transfer_last_two_conv_023_8_bcos,results\models\subject_spec_transfer_last_two_conv_023_8_bcos.pth,results\models\gen_loto_bcos_8.pth,subject_spec_transfer_bcos,023,,8,transfer,last_two_conv,2225,38,59,9,1.066174864768982,1.1281366348266602,1.1281366348266602,23.721341371536255,True
subject_spec_transfer_last_two_conv_023_9_bcos,results\models\subject_spec_transfer_last_two_conv_023_9_bcos.pth,results\models\gen_loto_bcos_9.pth,subject_spec_transfer_bcos,023,,9,transfer,last_two_conv,2224,39,59,9,0.6021103858947754,0.5130743980407715,0.5130743980407715,23.844447135925293,True
subject_spec_transfer_last_two_conv_023_10_bcos,results\models\subject_spec_transfer_last_two_conv_023_10_bcos.pth,results\models\gen_loto_bcos_10.pth,subject_spec_transfer_bcos,023,,10,transfer,last_two_conv,2230,36,56,7,0.8753547668457031,1.0600851774215698,1.0600851774215698,22.80553650856018,True
subject_spec_transfer_last_two_conv_023_11_bcos,results\models\subject_spec_transfer_last_two_conv_023_11_bcos.pth,results\models\gen_loto_bcos_11.pth,subject_spec_transfer_bcos,023,,11,transfer,last_two_conv,2234,35,53,8,1.1989957094192505,1.035684585571289,1.035684585571289,23.330297231674194,True
subject_spec_transfer_last_two_conv_023_12_bcos,results\models\subject_spec_transfer_last_two_conv_023_12_bcos.pth,results\models\gen_loto_bcos_12.pth,subject_spec_transfer_bcos,023,,12,transfer,last_two_conv,2233,35,54,7,1.6945908069610596,1.4688416719436646,1.4688416719436646,23.09192705154419,True
subject_spec_transfer_last_two_conv_023_13_bcos,results\models\subject_spec_transfer_last_two_conv_023_13_bcos.pth,results\models\gen_loto_bcos_13.pth,subject_spec_transfer_bcos,023,,13,transfer,last_two_conv,2226,38,58,9,0.9667462110519409,1.0861693620681763,1.0861693620681763,23.845889568328857,True
subject_spec_transfer_last_two_conv_023_14_bcos,results\models\subject_spec_transfer_last_two_conv_023_14_bcos.pth,results\models\gen_loto_bcos_14.pth,subject_spec_transfer_bcos,023,,14,transfer,last_two_conv,2233,35,54,4,1.5752339363098145,1.656259298324585,1.656259298324585,21.466403484344482,True
subject_spec_transfer_last_two_conv_023_15_bcos,results\models\subject_spec_transfer_last_two_conv_023_15_bcos.pth,results\models\gen_loto_bcos_15.pth,subject_spec_transfer_bcos,023,,15,transfer,last_two_conv,2226,38,58,12,1.5487154722213745,1.353950023651123,1.353950023651123,25.082062482833862,True
subject_spec_transfer_last_two_conv_023_16_bcos,results\models\subject_spec_transfer_last_two_conv_023_16_bcos.pth,results\models\gen_loto_bcos_16.pth,subject_spec_transfer_bcos,023,,16,transfer,last_two_conv,2228,37,57,15,1.366060495376587,1.4210282564163208,1.4210282564163208,26.66357398033142,True
subject_spec_transfer_last_two_conv_023_17_bcos,results\models\subject_spec_transfer_last_two_conv_023_17_bcos.pth,results\models\gen_loto_bcos_17.pth,subject_spec_transfer_bcos,023,,17,transfer,last_two_conv,2225,38,59,10,1.528530478477478,1.227203130722046,1.227203130722046,23.858644247055054,True
subject_spec_transfer_last_two_conv_023_18_bcos,results\models\subject_spec_transfer_last_two_conv_023_18_bcos.pth,results\models\gen_loto_bcos_18.pth,subject_spec_transfer_bcos,023,,18,transfer,last_two_conv,2230,36,56,18,1.1983829736709595,0.8868038058280945,0.8868038058280945,27.707289457321167,True
subject_spec_transfer_last_two_conv_023_19_bcos,results\models\subject_spec_transfer_last_two_conv_023_19_bcos.pth,results\models\gen_loto_bcos_19.pth,subject_spec_transfer_bcos,023,,19,transfer,last_two_conv,2229,37,56,1,1.3254752159118652,1.280601143836975,1.280601143836975,19.94141459465027,True
subject_spec_transfer_last_two_conv_023_20_bcos,results\models\subject_spec_transfer_last_two_conv_023_20_bcos.pth,results\models\gen_loto_bcos_20.pth,subject_spec_transfer_bcos,023,,20,transfer,last_two_conv,2239,33,50,25,2.042357921600342,2.3168346881866455,2.3168346881866455,31.21198320388794,True
subject_spec_transfer_last_two_conv_023_21_bcos,results\models\subject_spec_transfer_last_two_conv_023_21_bcos.pth,results\models\gen_loto_bcos_21.pth,subject_spec_transfer_bcos,023,,21,transfer,last_two_conv,2230,36,56,8,1.0430972576141357,0.9981076717376709,0.9981076717376709,23.118141651153564,True
subject_spec_transfer_last_two_conv_023_22_bcos,results\models\subject_spec_transfer_last_two_conv_023_22_bcos.pth,results\models\gen_loto_bcos_22.pth,subject_spec_transfer_bcos,023,,22,transfer,last_two_conv,2227,38,57,6,1.0263724327087402,0.9075449109077454,0.9075449109077454,22.4929039478302,True
subject_spec_transfer_last_two_conv_023_23_bcos,results\models\subject_spec_transfer_last_two_conv_023_23_bcos.pth,results\models\gen_loto_bcos_23.pth,subject_spec_transfer_bcos,023,,23,transfer,last_two_conv,2224,39,59,10,1.8002843856811523,1.7427181005477905,1.7427181005477905,24.157399892807007,True
subject_spec_transfer_last_two_conv_023_24_bcos,results\models\subject_spec_transfer_last_two_conv_023_24_bcos.pth,results\models\gen_loto_bcos_24.pth,subject_spec_transfer_bcos,023,,24,transfer,last_two_conv,2225,38,59,4,2.9117491245269775,2.912520170211792,2.912520170211792,21.463403701782227,True
subject_spec_transfer_last_two_conv_034_0_bcos,results\models\subject_spec_transfer_last_two_conv_034_0_bcos.pth,results\models\gen_loto_bcos_0.pth,subject_spec_transfer_bcos,034,,0,transfer,last_two_conv,2205,36,56,10,0.7982886433601379,0.8021029233932495,0.8021029233932495,29.242734909057617,True
subject_spec_transfer_last_two_conv_034_1_bcos,results\models\subject_spec_transfer_last_two_conv_034_1_bcos.pth,results\models\gen_loto_bcos_1.pth,subject_spec_transfer_bcos,034,,1,transfer,last_two_conv,2206,36,55,7,2.098119020462036,1.8208045959472656,1.8208045959472656,22.468711853027344,True
subject_spec_transfer_last_two_conv_034_2_bcos,results\models\subject_spec_transfer_last_two_conv_034_2_bcos.pth,results\models\gen_loto_bcos_2.pth,subject_spec_transfer_bcos,034,,2,transfer,last_two_conv,2202,38,57,13,1.3513396978378296,1.7610793113708496,1.7610793113708496,25.505276441574097,True
subject_spec_transfer_last_two_conv_034_3_bcos,results\models\subject_spec_transfer_last_two_conv_034_3_bcos.pth,results\models\gen_loto_bcos_3.pth,subject_spec_transfer_bcos,034,,3,transfer,last_two_conv,2205,36,56,14,0.8308894038200378,0.7547937631607056,0.7547937631607056,25.83763074874878,True
subject_spec_transfer_last_two_conv_034_4_bcos,results\models\subject_spec_transfer_last_two_conv_034_4_bcos.pth,results\models\gen_loto_bcos_4.pth,subject_spec_transfer_bcos,034,,4,transfer,last_two_conv,2208,35,54,13,2.36786150932312,2.116358518600464,2.116358518600464,25.62079119682312,True
subject_spec_transfer_last_two_conv_034_5_bcos,results\models\subject_spec_transfer_last_two_conv_034_5_bcos.pth,results\models\gen_loto_bcos_5.pth,subject_spec_transfer_bcos,034,,5,transfer,last_two_conv,2206,36,55,18,1.6727310419082642,1.383358359336853,1.383358359336853,27.46151876449585,True
subject_spec_transfer_last_two_conv_034_6_bcos,results\models\subject_spec_transfer_last_two_conv_034_6_bcos.pth,results\models\gen_loto_bcos_6.pth,subject_spec_transfer_bcos,034,,6,transfer,last_two_conv,2206,36,55,18,1.5997445583343506,1.3323978185653687,1.3323978185653687,27.45281147956848,True
subject_spec_transfer_last_two_conv_034_7_bcos,results\models\subject_spec_transfer_last_two_conv_034_7_bcos.pth,results\models\gen_loto_bcos_7.pth,subject_spec_transfer_bcos,034,,7,transfer,last_two_conv,2210,34,53,29,1.4276291131973267,1.1115362644195557,1.1115362644195557,32.735721588134766,True
subject_spec_transfer_last_two_conv_034_8_bcos,results\models\subject_spec_transfer_last_two_conv_034_8_bcos.pth,results\models\gen_loto_bcos_8.pth,subject_spec_transfer_bcos,034,,8,transfer,last_two_conv,2204,37,56,12,1.4172836542129517,1.4446791410446167,1.4446791410446167,24.938974142074585,True
subject_spec_transfer_last_two_conv_034_9_bcos,results\models\subject_spec_transfer_last_two_conv_034_9_bcos.pth,results\models\gen_loto_bcos_9.pth,subject_spec_transfer_bcos,034,,9,transfer,last_two_conv,2204,37,56,7,3.043769359588623,2.130706548690796,2.130706548690796,22.578795909881592,True
subject_spec_transfer_last_two_conv_034_10_bcos,results\models\subject_spec_transfer_last_two_conv_034_10_bcos.pth,results\models\gen_loto_bcos_10.pth,subject_spec_transfer_bcos,034,,10,transfer,last_two_conv,2204,37,56,13,1.0861964225769043,1.0175129175186157,1.0175129175186157,25.417776823043823,True
subject_spec_transfer_last_two_conv_034_11_bcos,results\models\subject_spec_transfer_last_two_conv_034_11_bcos.pth,results\models\gen_loto_bcos_11.pth,subject_spec_transfer_bcos,034,,11,transfer,last_two_conv,2200,38,59,7,0.8785497546195984,0.8491063117980957,0.8491063117980957,22.68428373336792,True
subject_spec_transfer_last_two_conv_034_12_bcos,results\models\subject_spec_transfer_last_two_conv_034_12_bcos.pth,results\models\gen_loto_bcos_12.pth,subject_spec_transfer_bcos,034,,12,transfer,last_two_conv,2200,38,59,2,1.6944222450256348,1.6237961053848267,1.6237961053848267,20.508351802825928,True
subject_spec_transfer_last_two_conv_034_13_bcos,results\models\subject_spec_transfer_last_two_conv_034_13_bcos.pth,results\models\gen_loto_bcos_13.pth,subject_spec_transfer_bcos,034,,13,transfer,last_two_conv,2206,36,55,6,1.3926020860671997,1.400971531867981,1.400971531867981,22.26918339729309,True
subject_spec_transfer_last_two_conv_034_14_bcos,results\models\subject_spec_transfer_last_two_conv_034_14_bcos.pth,results\models\gen_loto_bcos_14.pth,subject_spec_transfer_bcos,034,,14,transfer,last_two_conv,2210,34,53,14,1.739274024963379,1.2303197383880615,1.2303197383880615,25.987024784088135,True
subject_spec_transfer_last_two_conv_034_15_bcos,results\models\subject_spec_transfer_last_two_conv_034_15_bcos.pth,results\models\gen_loto_bcos_15.pth,subject_spec_transfer_bcos,034,,15,transfer,last_two_conv,2208,35,54,7,1.4510397911071777,1.2524088621139526,1.2524088621139526,22.707984447479248,True
subject_spec_transfer_last_two_conv_034_16_bcos,results\models\subject_spec_transfer_last_two_conv_034_16_bcos.pth,results\models\gen_loto_bcos_16.pth,subject_spec_transfer_bcos,034,,16,transfer,last_two_conv,2202,38,57,15,0.9035729169845581,0.8928794264793396,0.8928794264793396,26.262447357177734,True
subject_spec_transfer_last_two_conv_034_17_bcos,results\models\subject_spec_transfer_last_two_conv_034_17_bcos.pth,results\models\gen_loto_bcos_17.pth,subject_spec_transfer_bcos,034,,17,transfer,last_two_conv,2205,36,56,8,0.9971723556518555,1.1499261856079102,1.1499261856079102,23.159491300582886,True
subject_spec_transfer_last_two_conv_034_18_bcos,results\models\subject_spec_transfer_last_two_conv_034_18_bcos.pth,results\models\gen_loto_bcos_18.pth,subject_spec_transfer_bcos,034,,18,transfer,last_two_conv,2206,36,55,4,1.1194347143173218,1.0601476430892944,1.0601476430892944,21.182950735092163,True
subject_spec_transfer_last_two_conv_034_19_bcos,results\models\subject_spec_transfer_last_two_conv_034_19_bcos.pth,results\models\gen_loto_bcos_19.pth,subject_spec_transfer_bcos,034,,19,transfer,last_two_conv,2203,37,57,8,1.6989564895629883,0.721875786781311,0.721875786781311,23.246304273605347,True
subject_spec_transfer_last_two_conv_034_20_bcos,results\models\subject_spec_transfer_last_two_conv_034_20_bcos.pth,results\models\gen_loto_bcos_20.pth,subject_spec_transfer_bcos,034,,20,transfer,last_two_conv,2204,37,56,14,1.7250921726226807,1.5790106058120728,1.5790106058120728,25.76617455482483,True
subject_spec_transfer_last_two_conv_034_21_bcos,results\models\subject_spec_transfer_last_two_conv_034_21_bcos.pth,results\models\gen_loto_bcos_21.pth,subject_spec_transfer_bcos,034,,21,transfer,last_two_conv,2208,35,54,18,0.9538476467132568,0.8461580872535706,0.8461580872535706,27.772688388824463,True
subject_spec_transfer_last_two_conv_034_22_bcos,results\models\subject_spec_transfer_last_two_conv_034_22_bcos.pth,results\models\gen_loto_bcos_22.pth,subject_spec_transfer_bcos,034,,22,transfer,last_two_conv,2207,36,54,19,0.9373117089271545,0.7974017262458801,0.7974017262458801,28.415648460388184,True
subject_spec_transfer_last_two_conv_034_23_bcos,results\models\subject_spec_transfer_last_two_conv_034_23_bcos.pth,results\models\gen_loto_bcos_23.pth,subject_spec_transfer_bcos,034,,23,transfer,last_two_conv,2204,37,56,7,1.3917655944824219,1.285194754600525,1.285194754600525,22.67231822013855,True
subject_spec_transfer_last_two_conv_034_24_bcos,results\models\subject_spec_transfer_last_two_conv_034_24_bcos.pth,results\models\gen_loto_bcos_24.pth,subject_spec_transfer_bcos,034,,24,transfer,last_two_conv,2205,36,56,16,2.251608371734619,2.141716718673706,2.141716718673706,26.632225275039673,True
subject_spec_transfer_last_two_conv_037_0_bcos,results\models\subject_spec_transfer_last_two_conv_037_0_bcos.pth,results\models\gen_loto_bcos_0.pth,subject_spec_transfer_bcos,037,,0,transfer,last_two_conv,2230,36,54,10,1.4569402933120728,1.6171387434005737,1.6171387434005737,23.94206666946411,True
subject_spec_transfer_last_two_conv_037_1_bcos,results\models\subject_spec_transfer_last_two_conv_037_1_bcos.pth,results\models\gen_loto_bcos_1.pth,subject_spec_transfer_bcos,037,,1,transfer,last_two_conv,2233,34,53,15,1.9737846851348877,1.6518614292144775,1.6518614292144775,26.18979287147522,True
subject_spec_transfer_last_two_conv_037_2_bcos,results\models\subject_spec_transfer_last_two_conv_037_2_bcos.pth,results\models\gen_loto_bcos_2.pth,subject_spec_transfer_bcos,037,,2,transfer,last_two_conv,2229,36,55,13,1.3332017660140991,1.2419971227645874,1.2419971227645874,25.36100435256958,True
subject_spec_transfer_last_two_conv_037_3_bcos,results\models\subject_spec_transfer_last_two_conv_037_3_bcos.pth,results\models\gen_loto_bcos_3.pth,subject_spec_transfer_bcos,037,,3,transfer,last_two_conv,2223,38,59,8,0.5150142312049866,0.5066323280334473,0.5066323280334473,23.19237995147705,True
subject_spec_transfer_last_two_conv_037_4_bcos,results\models\subject_spec_transfer_last_two_conv_037_4_bcos.pth,results\models\gen_loto_bcos_4.pth,subject_spec_transfer_bcos,037,,4,transfer,last_two_conv,2223,38,59,12,1.0869669914245605,1.095698595046997,1.095698595046997,25.117140531539917,True
subject_spec_transfer_last_two_conv_037_5_bcos,results\models\subject_spec_transfer_last_two_conv_037_5_bcos.pth,results\models\gen_loto_bcos_5.pth,subject_spec_transfer_bcos,037,,5,transfer,last_two_conv,2223,38,59,6,0.38532596826553345,0.4049576222896576,0.4049576222896576,22.176044464111328,True
subject_spec_transfer_last_two_conv_037_6_bcos,results\models\subject_spec_transfer_last_two_conv_037_6_bcos.pth,results\models\gen_loto_bcos_6.pth,subject_spec_transfer_bcos,037,,6,transfer,last_two_conv,2223,38,59,7,1.6887801885604858,1.4450539350509644,1.4450539350509644,22.716235399246216,True
subject_spec_transfer_last_two_conv_037_7_bcos,results\models\subject_spec_transfer_last_two_conv_037_7_bcos.pth,results\models\gen_loto_bcos_7.pth,subject_spec_transfer_bcos,037,,7,transfer,last_two_conv,2222,39,59,4,0.5870845913887024,0.5920219421386719,0.5920219421386719,21.3656222820282,True
subject_spec_transfer_last_two_conv_037_8_bcos,results\models\subject_spec_transfer_last_two_conv_037_8_bcos.pth,results\models\gen_loto_bcos_8.pth,subject_spec_transfer_bcos,037,,8,transfer,last_two_conv,2231,35,54,6,1.5176241397857666,1.4196805953979492,1.4196805953979492,22.45067071914673,True
subject_spec_transfer_last_two_conv_037_9_bcos,results\models\subject_spec_transfer_last_two_conv_037_9_bcos.pth,results\models\gen_loto_bcos_9.pth,subject_spec_transfer_bcos,037,,9,transfer,last_two_conv,2230,36,54,7,1.2900539636611938,1.3033113479614258,1.3033113479614258,22.68113112449646,True
subject_spec_transfer_last_two_conv_037_10_bcos,results\models\subject_spec_transfer_last_two_conv_037_10_bcos.pth,results\models\gen_loto_bcos_10.pth,subject_spec_transfer_bcos,037,,10,transfer,last_two_conv,2237,33,50,25,1.2001012563705444,1.2327195405960083,1.2327195405960083,31.171691417694092,True
subject_spec_transfer_last_two_conv_037_11_bcos,results\models\subject_spec_transfer_last_two_conv_037_11_bcos.pth,results\models\gen_loto_bcos_11.pth,subject_spec_transfer_bcos,037,,11,transfer,last_two_conv,2222,39,59,5,1.5805214643478394,1.7052816152572632,1.7052816152572632,21.85964846611023,True
subject_spec_transfer_last_two_conv_037_12_bcos,results\models\subject_spec_transfer_last_two_conv_037_12_bcos.pth,results\models\gen_loto_bcos_12.pth,subject_spec_transfer_bcos,037,,12,transfer,last_two_conv,2223,38,59,9,0.4983610510826111,0.47289910912513733,0.47289910912513733,23.73710560798645,True
subject_spec_transfer_last_two_conv_037_13_bcos,results\models\subject_spec_transfer_last_two_conv_037_13_bcos.pth,results\models\gen_loto_bcos_13.pth,subject_spec_transfer_bcos,037,,13,transfer,last_two_conv,2223,38,59,22,0.6988955140113831,0.6543146967887878,0.6543146967887878,29.437973260879517,True
subject_spec_transfer_last_two_conv_037_14_bcos,results\models\subject_spec_transfer_last_two_conv_037_14_bcos.pth,results\models\gen_loto_bcos_14.pth,subject_spec_transfer_bcos,037,,14,transfer,last_two_conv,2223,38,59,3,1.5211694240570068,1.6282289028167725,1.6282289028167725,20.81277084350586,True
subject_spec_transfer_last_two_conv_037_15_bcos,results\models\subject_spec_transfer_last_two_conv_037_15_bcos.pth,results\models\gen_loto_bcos_15.pth,subject_spec_transfer_bcos,037,,15,transfer,last_two_conv,2231,35,54,8,1.388555645942688,1.4093235731124878,1.4093235731124878,23.309086084365845,True
subject_spec_transfer_last_two_conv_037_16_bcos,results\models\subject_spec_transfer_last_two_conv_037_16_bcos.pth,results\models\gen_loto_bcos_16.pth,subject_spec_transfer_bcos,037,,16,transfer,last_two_conv,2223,38,59,2,1.4558336734771729,1.3343857526779175,1.3343857526779175,20.45475125312805,True
subject_spec_transfer_last_two_conv_037_17_bcos,results\models\subject_spec_transfer_last_two_conv_037_17_bcos.pth,results\models\gen_loto_bcos_17.pth,subject_spec_transfer_bcos,037,,17,transfer,last_two_conv,2232,35,53,6,0.8504279255867004,0.9115046262741089,0.9115046262741089,22.44324541091919,True
subject_spec_transfer_last_two_conv_037_18_bcos,results\models\subject_spec_transfer_last_two_conv_037_18_bcos.pth,results\models\gen_loto_bcos_18.pth,subject_spec_transfer_bcos,037,,18,transfer,last_two_conv,2227,37,56,3,1.3745791912078857,1.3348326683044434,1.3348326683044434,20.75840425491333,True
subject_spec_transfer_last_two_conv_037_19_bcos,results\models\subject_spec_transfer_last_two_conv_037_19_bcos.pth,results\models\gen_loto_bcos_19.pth,subject_spec_transfer_bcos,037,,19,transfer,last_two_conv,2230,36,54,7,1.622653603553772,1.809227705001831,1.809227705001831,22.646870613098145,True
subject_spec_transfer_last_two_conv_037_20_bcos,results\models\subject_spec_transfer_last_two_conv_037_20_bcos.pth,results\models\gen_loto_bcos_20.pth,subject_spec_transfer_bcos,037,,20,transfer,last_two_conv,2235,34,51,1,1.3897918462753296,1.072249412536621,1.072249412536621,19.96752953529358,True
subject_spec_transfer_last_two_conv_037_21_bcos,results\models\subject_spec_transfer_last_two_conv_037_21_bcos.pth,results\models\gen_loto_bcos_21.pth,subject_spec_transfer_bcos,037,,21,transfer,last_two_conv,2230,36,54,4,1.3858782052993774,1.3838486671447754,1.3838486671447754,21.571608543395996,True
subject_spec_transfer_last_two_conv_037_22_bcos,results\models\subject_spec_transfer_last_two_conv_037_22_bcos.pth,results\models\gen_loto_bcos_22.pth,subject_spec_transfer_bcos,037,,22,transfer,last_two_conv,2223,38,59,5,0.8147063851356506,0.7757377624511719,0.7757377624511719,21.78202533721924,True
subject_spec_transfer_last_two_conv_037_23_bcos,results\models\subject_spec_transfer_last_two_conv_037_23_bcos.pth,results\models\gen_loto_bcos_23.pth,subject_spec_transfer_bcos,037,,23,transfer,last_two_conv,2223,38,59,14,0.5133284330368042,0.49733734130859375,0.49733734130859375,25.715237617492676,True
subject_spec_transfer_last_two_conv_037_24_bcos,results\models\subject_spec_transfer_last_two_conv_037_24_bcos.pth,results\models\gen_loto_bcos_24.pth,subject_spec_transfer_bcos,037,,24,transfer,last_two_conv,2231,35,54,11,2.3364596366882324,2.1993608474731445,2.1993608474731445,24.78692364692688,True
