model_name,experiment_type,subject_spec_id,held_out_subject,held_out_target,init_mode,epoch,train_loss,val_loss
gen_loto_bcos_0,general_loto_bcos,,,0,scratch,1,11.703852902459834,13.985781889695387
gen_loto_bcos_0,general_loto_bcos,,,0,scratch,2,10.684356756631841,13.979389997629019
gen_loto_bcos_0,general_loto_bcos,,,0,scratch,3,8.390577669301745,11.314854841965895
gen_loto_bcos_0,general_loto_bcos,,,0,scratch,4,6.226589194977481,12.861791463998648
gen_loto_bcos_0,general_loto_bcos,,,0,scratch,5,5.102312505574516,9.731016452495869
gen_loto_bcos_0,general_loto_bcos,,,0,scratch,6,4.348717433642287,5.16679074214055
gen_loto_bcos_0,general_loto_bcos,,,0,scratch,7,3.8846293859060297,5.707569929269644
gen_loto_bcos_0,general_loto_bcos,,,0,scratch,8,3.5249491775233444,6.294074645409217
gen_loto_bcos_0,general_loto_bcos,,,0,scratch,9,3.3338730970798935,4.883732245518611
gen_loto_bcos_0,general_loto_bcos,,,0,scratch,10,3.099572765563733,5.742031574249268
gen_loto_bcos_0,general_loto_bcos,,,0,scratch,11,2.928074239696587,6.056431110088642
gen_loto_bcos_0,general_loto_bcos,,,0,scratch,12,2.8171454424357547,4.974316193507268
gen_loto_bcos_0,general_loto_bcos,,,0,scratch,13,2.6797291142505837,4.064068904289832
gen_loto_bcos_0,general_loto_bcos,,,0,scratch,14,2.613849005975776,3.8137989410987267
gen_loto_bcos_0,general_loto_bcos,,,0,scratch,15,2.461391222411098,3.6734047669630785
gen_loto_bcos_0,general_loto_bcos,,,0,scratch,16,2.343241064752663,4.516355771284837
gen_loto_bcos_0,general_loto_bcos,,,0,scratch,17,2.297525855717738,4.170318401776827
gen_loto_bcos_0,general_loto_bcos,,,0,scratch,18,2.2136422316672393,3.3656995663276086
gen_loto_bcos_0,general_loto_bcos,,,0,scratch,19,2.1534180311866886,3.4696906163142276
gen_loto_bcos_0,general_loto_bcos,,,0,scratch,20,2.090558987460742,3.363965658041147
gen_loto_bcos_0,general_loto_bcos,,,0,scratch,21,2.035960694373642,3.0280411610236535
gen_loto_bcos_0,general_loto_bcos,,,0,scratch,22,1.990428431916632,3.433539684002216
gen_loto_bcos_0,general_loto_bcos,,,0,scratch,23,1.9279772942237432,3.3105024924645057
gen_loto_bcos_0,general_loto_bcos,,,0,scratch,24,1.8651769660125121,3.1034264931311975
gen_loto_bcos_0,general_loto_bcos,,,0,scratch,25,1.8604742254012197,2.849794919674213
gen_loto_bcos_0,general_loto_bcos,,,0,scratch,26,1.8126103015235775,3.2918999745295596
gen_loto_bcos_0,general_loto_bcos,,,0,scratch,27,1.7918114018374385,3.101369729408851
gen_loto_bcos_0,general_loto_bcos,,,0,scratch,28,1.720497806592541,2.9056867819565992
gen_loto_bcos_0,general_loto_bcos,,,0,scratch,29,1.7022404817257137,3.4827357622293325
gen_loto_bcos_0,general_loto_bcos,,,0,scratch,30,1.6658303976388267,3.2982920499948354
gen_loto_bcos_0,general_loto_bcos,,,0,scratch,31,1.7012202580001472,2.6953509770906887
gen_loto_bcos_0,general_loto_bcos,,,0,scratch,32,1.6276335954995444,2.601286558004526
gen_loto_bcos_0,general_loto_bcos,,,0,scratch,33,1.594953934626026,2.7732518452864428
gen_loto_bcos_0,general_loto_bcos,,,0,scratch,34,1.576112997054395,2.3739341222322903
gen_loto_bcos_0,general_loto_bcos,,,0,scratch,35,1.552231021184289,2.7168022302480845
gen_loto_bcos_0,general_loto_bcos,,,0,scratch,36,1.545272827971706,2.73692879310021
gen_loto_bcos_0,general_loto_bcos,,,0,scratch,37,1.5372947368832584,2.5947151550879846
gen_loto_bcos_0,general_loto_bcos,,,0,scratch,38,1.4794064399616493,2.2791855793732863
gen_loto_bcos_0,general_loto_bcos,,,0,scratch,39,1.5028932031182294,2.5433209309211144
gen_loto_bcos_0,general_loto_bcos,,,0,scratch,40,1.4660581658228984,2.3324688214522142
gen_loto_bcos_1,general_loto_bcos,,,1,scratch,1,11.998641664810602,11.697215226980356
gen_loto_bcos_1,general_loto_bcos,,,1,scratch,2,10.640974654677164,7.9504379125741815
gen_loto_bcos_1,general_loto_bcos,,,1,scratch,3,8.605597197021568,9.242389018719013
gen_loto_bcos_1,general_loto_bcos,,,1,scratch,4,6.952026126134461,9.250854052030123
gen_loto_bcos_1,general_loto_bcos,,,1,scratch,5,6.032739027429022,6.688747699444111
gen_loto_bcos_1,general_loto_bcos,,,1,scratch,6,5.1270884091024245,6.484079911158635
gen_loto_bcos_1,general_loto_bcos,,,1,scratch,7,4.4429120213945925,5.5547967323890095
gen_loto_bcos_1,general_loto_bcos,,,1,scratch,8,3.8939975078593303,4.505117416381836
gen_loto_bcos_1,general_loto_bcos,,,1,scratch,9,3.6433312379194227,5.252069858404306
gen_loto_bcos_1,general_loto_bcos,,,1,scratch,10,3.358833607718431,5.10528905575092
gen_loto_bcos_1,general_loto_bcos,,,1,scratch,11,3.2166177564563014,4.155635540301983
gen_loto_bcos_1,general_loto_bcos,,,1,scratch,12,3.047938707783736,3.498794775742751
gen_loto_bcos_1,general_loto_bcos,,,1,scratch,13,2.9407768213287904,3.2794702236468973
gen_loto_bcos_1,general_loto_bcos,,,1,scratch,14,2.8522833411206197,3.284095434042124
gen_loto_bcos_1,general_loto_bcos,,,1,scratch,15,2.697177217974847,4.470872108752911
gen_loto_bcos_1,general_loto_bcos,,,1,scratch,16,2.671571247156154,3.8582811538989725
gen_loto_bcos_1,general_loto_bcos,,,1,scratch,17,2.5975090879432403,3.8741180163163405
gen_loto_bcos_1,general_loto_bcos,,,1,scratch,18,2.439835062013805,3.53106060394874
gen_loto_bcos_1,general_loto_bcos,,,1,scratch,19,2.396172637932867,4.9972659807938795
gen_loto_bcos_2,general_loto_bcos,,,2,scratch,1,12.012590179127224,8.787449910090519
gen_loto_bcos_2,general_loto_bcos,,,2,scratch,2,10.704914422325007,9.68371530679556
gen_loto_bcos_2,general_loto_bcos,,,2,scratch,3,8.683271468673622,11.294752854567308
gen_loto_bcos_2,general_loto_bcos,,,2,scratch,4,6.6300928665129515,8.226110128255991
gen_loto_bcos_2,general_loto_bcos,,,2,scratch,5,5.645059656043079,3.6024207335252028
gen_loto_bcos_2,general_loto_bcos,,,2,scratch,6,4.8638233634648405,5.573262581458459
gen_loto_bcos_2,general_loto_bcos,,,2,scratch,7,4.3015006010045,4.547794782198393
gen_loto_bcos_2,general_loto_bcos,,,2,scratch,8,3.910934817395816,8.174591321211595
gen_loto_bcos_2,general_loto_bcos,,,2,scratch,9,3.6933186383537167,9.210036277770996
gen_loto_bcos_2,general_loto_bcos,,,2,scratch,10,3.4631278142744666,4.041528720122117
gen_loto_bcos_2,general_loto_bcos,,,2,scratch,11,3.207197416223874,6.521185691540058
gen_loto_bcos_3,general_loto_bcos,,,3,scratch,1,11.902779587065975,12.212812350346493
gen_loto_bcos_3,general_loto_bcos,,,3,scratch,2,10.659748392210481,12.226904575641338
gen_loto_bcos_3,general_loto_bcos,,,3,scratch,3,7.952951668375763,11.113407721886269
gen_loto_bcos_3,general_loto_bcos,,,3,scratch,4,6.229634952149997,7.686659739567683
gen_loto_bcos_3,general_loto_bcos,,,3,scratch,5,5.26885784791978,7.203431129455566
gen_loto_bcos_3,general_loto_bcos,,,3,scratch,6,4.4750177547417955,5.854219950162447
gen_loto_bcos_3,general_loto_bcos,,,3,scratch,7,3.84792215949264,7.191941811488225
gen_loto_bcos_3,general_loto_bcos,,,3,scratch,8,3.5621941511143635,3.5002351173987756
gen_loto_bcos_3,general_loto_bcos,,,3,scratch,9,3.309273819567749,2.939454830609835
gen_loto_bcos_3,general_loto_bcos,,,3,scratch,10,3.0884375835650535,3.670924351765559
gen_loto_bcos_3,general_loto_bcos,,,3,scratch,11,2.937719242348855,2.9559852343339186
gen_loto_bcos_3,general_loto_bcos,,,3,scratch,12,2.823553742295471,4.329677398388203
gen_loto_bcos_3,general_loto_bcos,,,3,scratch,13,2.6967593138389168,2.8527390590080848
gen_loto_bcos_3,general_loto_bcos,,,3,scratch,14,2.597533463114533,4.131791463265052
gen_loto_bcos_3,general_loto_bcos,,,3,scratch,15,2.5417556670489234,2.689164106662457
gen_loto_bcos_3,general_loto_bcos,,,3,scratch,16,2.426448118456161,3.6509718161362867
gen_loto_bcos_3,general_loto_bcos,,,3,scratch,17,2.3714168364830437,2.8983739339388332
gen_loto_bcos_3,general_loto_bcos,,,3,scratch,18,2.250925931482684,2.5021455104534445
gen_loto_bcos_3,general_loto_bcos,,,3,scratch,19,2.2546226808708676,2.7946323798252988
gen_loto_bcos_3,general_loto_bcos,,,3,scratch,20,2.1573091809591536,2.4194032504008365
gen_loto_bcos_3,general_loto_bcos,,,3,scratch,21,2.1061811550875396,2.6318112703470082
gen_loto_bcos_3,general_loto_bcos,,,3,scratch,22,2.059671119596418,3.035113664773794
gen_loto_bcos_3,general_loto_bcos,,,3,scratch,23,2.014751795741076,2.063103730861957
gen_loto_bcos_3,general_loto_bcos,,,3,scratch,24,1.9468285767412976,2.621356854071984
gen_loto_bcos_3,general_loto_bcos,,,3,scratch,25,1.9269242011710426,3.121396248157208
gen_loto_bcos_3,general_loto_bcos,,,3,scratch,26,1.8735860131722128,2.175855196439303
gen_loto_bcos_3,general_loto_bcos,,,3,scratch,27,1.8723479089486665,2.0740616504962626
gen_loto_bcos_3,general_loto_bcos,,,3,scratch,28,1.8256768342210443,2.5058522407825174
gen_loto_bcos_3,general_loto_bcos,,,3,scratch,29,1.7866210749794764,2.665043464073768
gen_loto_bcos_4,general_loto_bcos,,,4,scratch,1,11.711534720403689,17.873328282282902
gen_loto_bcos_4,general_loto_bcos,,,4,scratch,2,10.642902758111598,16.78930634718675
gen_loto_bcos_4,general_loto_bcos,,,4,scratch,3,8.262821554313227,13.28525579892672
gen_loto_bcos_4,general_loto_bcos,,,4,scratch,4,6.2677813268796045,9.864758638235239
gen_loto_bcos_4,general_loto_bcos,,,4,scratch,5,5.161746172159704,7.729216759021465
gen_loto_bcos_4,general_loto_bcos,,,4,scratch,6,4.4263197178662566,7.681724841778095
gen_loto_bcos_4,general_loto_bcos,,,4,scratch,7,3.954718599675602,4.59363867686345
gen_loto_bcos_4,general_loto_bcos,,,4,scratch,8,3.6283940899586447,6.126980268038237
gen_loto_bcos_4,general_loto_bcos,,,4,scratch,9,3.45115769321658,4.785734781852136
gen_loto_bcos_4,general_loto_bcos,,,4,scratch,10,3.2620247287539197,4.81543570298415
gen_loto_bcos_4,general_loto_bcos,,,4,scratch,11,3.0662180463967648,3.841716931416438
gen_loto_bcos_4,general_loto_bcos,,,4,scratch,12,2.9208984450845468,5.829075960012583
gen_loto_bcos_4,general_loto_bcos,,,4,scratch,13,2.851079031639574,4.085802976901714
gen_loto_bcos_4,general_loto_bcos,,,4,scratch,14,2.7573285933846754,4.411203311039851
gen_loto_bcos_4,general_loto_bcos,,,4,scratch,15,2.6613868682710957,3.6717908199016867
gen_loto_bcos_4,general_loto_bcos,,,4,scratch,16,2.5697114127965057,3.637726985491239
gen_loto_bcos_4,general_loto_bcos,,,4,scratch,17,2.43430152589025,3.5421248215895433
gen_loto_bcos_4,general_loto_bcos,,,4,scratch,18,2.4483495017469834,3.434324557964618
gen_loto_bcos_4,general_loto_bcos,,,4,scratch,19,2.341949292073441,3.4205958109635572
gen_loto_bcos_4,general_loto_bcos,,,4,scratch,20,2.265379194072338,3.1359627063457785
gen_loto_bcos_4,general_loto_bcos,,,4,scratch,21,2.2529469654273195,3.2039778232574463
gen_loto_bcos_4,general_loto_bcos,,,4,scratch,22,2.1857569878856506,3.2276955201075626
gen_loto_bcos_4,general_loto_bcos,,,4,scratch,23,2.1233539394982786,3.6039482080019436
gen_loto_bcos_4,general_loto_bcos,,,4,scratch,24,2.0922139117991447,2.70893801175631
gen_loto_bcos_4,general_loto_bcos,,,4,scratch,25,2.024562371552073,3.367968485905574
gen_loto_bcos_4,general_loto_bcos,,,4,scratch,26,1.9925655133166913,3.070674125964825
gen_loto_bcos_4,general_loto_bcos,,,4,scratch,27,1.9383332018700543,3.4465031073643613
gen_loto_bcos_4,general_loto_bcos,,,4,scratch,28,1.93123347597663,2.863469820756179
gen_loto_bcos_4,general_loto_bcos,,,4,scratch,29,1.8654352672202295,3.0260700629307675
gen_loto_bcos_4,general_loto_bcos,,,4,scratch,30,1.8419510970306925,2.802679648766151
gen_loto_bcos_5,general_loto_bcos,,,5,scratch,1,11.761422418459818,14.914376112130972
gen_loto_bcos_5,general_loto_bcos,,,5,scratch,2,10.66862315524828,12.741847625145546
gen_loto_bcos_5,general_loto_bcos,,,5,scratch,3,8.47693027599224,9.35531704242413
gen_loto_bcos_5,general_loto_bcos,,,5,scratch,4,6.191504473178384,5.314405991480901
gen_loto_bcos_5,general_loto_bcos,,,5,scratch,5,5.173145746294393,4.390859493842492
gen_loto_bcos_5,general_loto_bcos,,,5,scratch,6,4.406277212364545,3.5573990528400126
gen_loto_bcos_5,general_loto_bcos,,,5,scratch,7,4.043739454709972,3.7250128525954027
gen_loto_bcos_5,general_loto_bcos,,,5,scratch,8,3.652783434750463,3.6484392239497256
gen_loto_bcos_5,general_loto_bcos,,,5,scratch,9,3.4994759299118656,5.417570224175086
gen_loto_bcos_5,general_loto_bcos,,,5,scratch,10,3.2839589804864358,3.817858182466947
gen_loto_bcos_5,general_loto_bcos,,,5,scratch,11,3.0651866129984664,2.8322222783015323
gen_loto_bcos_5,general_loto_bcos,,,5,scratch,12,2.960877679360523,3.174202350469736
gen_loto_bcos_5,general_loto_bcos,,,5,scratch,13,2.7781817270017757,3.2312009517963114
gen_loto_bcos_5,general_loto_bcos,,,5,scratch,14,2.75894552180711,2.6841629651876597
gen_loto_bcos_5,general_loto_bcos,,,5,scratch,15,2.5788613493511785,3.749382202441876
gen_loto_bcos_5,general_loto_bcos,,,5,scratch,16,2.6124393097427707,2.802834254044753
gen_loto_bcos_5,general_loto_bcos,,,5,scratch,17,2.399883453941609,2.234077352743882
gen_loto_bcos_5,general_loto_bcos,,,5,scratch,18,2.38355196165346,2.8384018494532657
gen_loto_bcos_5,general_loto_bcos,,,5,scratch,19,2.2728354528566945,3.266334240253155
gen_loto_bcos_5,general_loto_bcos,,,5,scratch,20,2.242157549449187,3.182073868238009
gen_loto_bcos_5,general_loto_bcos,,,5,scratch,21,2.222998995503944,2.1388316796376157
gen_loto_bcos_5,general_loto_bcos,,,5,scratch,22,2.1369297210936065,2.6716265495006857
gen_loto_bcos_5,general_loto_bcos,,,5,scratch,23,2.1181867238067165,2.589206567177406
gen_loto_bcos_5,general_loto_bcos,,,5,scratch,24,2.0605467262769306,2.585375584088839
gen_loto_bcos_5,general_loto_bcos,,,5,scratch,25,1.9811920728920902,2.0932270838664127
gen_loto_bcos_5,general_loto_bcos,,,5,scratch,26,1.9702254179272578,2.893108422939594
gen_loto_bcos_5,general_loto_bcos,,,5,scratch,27,1.942276917057908,2.1681934686807485
gen_loto_bcos_5,general_loto_bcos,,,5,scratch,28,1.846611216520043,2.5567951752589297
gen_loto_bcos_5,general_loto_bcos,,,5,scratch,29,1.864124845667004,2.380179973749014
gen_loto_bcos_5,general_loto_bcos,,,5,scratch,30,1.851539466061203,2.18683908535884
gen_loto_bcos_5,general_loto_bcos,,,5,scratch,31,1.7591930847115207,2.0776730133936954
gen_loto_bcos_5,general_loto_bcos,,,5,scratch,32,1.8138816562760751,2.0795002717238207
gen_loto_bcos_5,general_loto_bcos,,,5,scratch,33,1.749699977753403,2.8703914238856387
gen_loto_bcos_5,general_loto_bcos,,,5,scratch,34,1.7165047883327902,2.2232251167297363
gen_loto_bcos_5,general_loto_bcos,,,5,scratch,35,1.7115625612963286,2.0703077499683085
gen_loto_bcos_5,general_loto_bcos,,,5,scratch,36,1.6756869796895388,2.0830494990715613
gen_loto_bcos_5,general_loto_bcos,,,5,scratch,37,1.6340705983206774,2.1790707386457004
gen_loto_bcos_5,general_loto_bcos,,,5,scratch,38,1.6298625724774014,2.0466986894607544
gen_loto_bcos_5,general_loto_bcos,,,5,scratch,39,1.6190455396805232,2.262268378184392
gen_loto_bcos_5,general_loto_bcos,,,5,scratch,40,1.5898985856136676,1.9431448257886446
gen_loto_bcos_6,general_loto_bcos,,,6,scratch,1,12.059096455079391,10.803589527423565
gen_loto_bcos_6,general_loto_bcos,,,6,scratch,2,10.936871241072236,10.876775301419771
gen_loto_bcos_6,general_loto_bcos,,,6,scratch,3,8.909753347003774,6.879200201768142
gen_loto_bcos_6,general_loto_bcos,,,6,scratch,4,6.672303670669493,5.5434393882751465
gen_loto_bcos_6,general_loto_bcos,,,6,scratch,5,5.3998262773410906,3.336215642782358
gen_loto_bcos_6,general_loto_bcos,,,6,scratch,6,4.5665299259280765,3.1981300023885875
gen_loto_bcos_6,general_loto_bcos,,,6,scratch,7,4.173221176920425,2.8685114016899695
gen_loto_bcos_6,general_loto_bcos,,,6,scratch,8,3.787409952897089,2.838808371470525
gen_loto_bcos_6,general_loto_bcos,,,6,scratch,9,3.577524973643766,2.784530896406907
gen_loto_bcos_6,general_loto_bcos,,,6,scratch,10,3.3333962293416466,3.478342679830698
gen_loto_bcos_6,general_loto_bcos,,,6,scratch,11,3.157147811161532,3.652671850644625
gen_loto_bcos_6,general_loto_bcos,,,6,scratch,12,3.083885485370789,2.3910352816948524
gen_loto_bcos_6,general_loto_bcos,,,6,scratch,13,2.90072243902858,3.3710273595956655
gen_loto_bcos_6,general_loto_bcos,,,6,scratch,14,2.8508934384394813,3.1067549998943624
gen_loto_bcos_6,general_loto_bcos,,,6,scratch,15,2.737977653453294,2.5215847492218018
gen_loto_bcos_6,general_loto_bcos,,,6,scratch,16,2.570709240057327,1.9018546801346998
gen_loto_bcos_6,general_loto_bcos,,,6,scratch,17,2.548403240833045,1.936360973578233
gen_loto_bcos_6,general_loto_bcos,,,6,scratch,18,2.416697429753273,2.2548163487361026
gen_loto_bcos_6,general_loto_bcos,,,6,scratch,19,2.3813682642879987,2.8553877610426683
gen_loto_bcos_6,general_loto_bcos,,,6,scratch,20,2.2551587379819624,2.1087735249445987
gen_loto_bcos_6,general_loto_bcos,,,6,scratch,21,2.274389562105572,2.050529828438392
gen_loto_bcos_6,general_loto_bcos,,,6,scratch,22,2.1394860846702817,2.309114071039053
gen_loto_bcos_7,general_loto_bcos,,,7,scratch,1,12.179837639160578,4.512561302918654
gen_loto_bcos_7,general_loto_bcos,,,7,scratch,2,10.615943079495299,10.108151289132925
gen_loto_bcos_7,general_loto_bcos,,,7,scratch,3,7.981784555134852,8.30233177771935
gen_loto_bcos_7,general_loto_bcos,,,7,scratch,4,6.330844298252084,3.95358839401832
gen_loto_bcos_7,general_loto_bcos,,,7,scratch,5,5.336457467869501,3.8310919358180118
gen_loto_bcos_7,general_loto_bcos,,,7,scratch,6,4.551107829117643,3.60525342134329
gen_loto_bcos_7,general_loto_bcos,,,7,scratch,7,4.175270869916315,4.862212511209341
gen_loto_bcos_7,general_loto_bcos,,,7,scratch,8,3.863383929044502,3.747578107393705
gen_loto_bcos_7,general_loto_bcos,,,7,scratch,9,3.641642754249151,4.331195757939265
gen_loto_bcos_7,general_loto_bcos,,,7,scratch,10,3.39712941251407,3.2345925661233754
gen_loto_bcos_7,general_loto_bcos,,,7,scratch,11,3.1900208147849827,2.6115460029015174
gen_loto_bcos_7,general_loto_bcos,,,7,scratch,12,3.140105425652878,2.483448184453524
gen_loto_bcos_7,general_loto_bcos,,,7,scratch,13,2.9729208432508436,2.990152964225182
gen_loto_bcos_7,general_loto_bcos,,,7,scratch,14,2.9020383614861505,2.4965344208937426
gen_loto_bcos_7,general_loto_bcos,,,7,scratch,15,2.8023137320141767,2.3595699897179236
gen_loto_bcos_7,general_loto_bcos,,,7,scratch,16,2.674518513086751,2.703648933997521
gen_loto_bcos_7,general_loto_bcos,,,7,scratch,17,2.5841833130760086,2.339626128856952
gen_loto_bcos_7,general_loto_bcos,,,7,scratch,18,2.551503885187497,2.694585470052866
gen_loto_bcos_7,general_loto_bcos,,,7,scratch,19,2.5084904593657393,2.2113824624281664
gen_loto_bcos_7,general_loto_bcos,,,7,scratch,20,2.3764265085781475,2.7395215951479397
gen_loto_bcos_7,general_loto_bcos,,,7,scratch,21,2.3647205908654145,2.075289955505958
gen_loto_bcos_7,general_loto_bcos,,,7,scratch,22,2.348376274438194,2.748799599134005
gen_loto_bcos_7,general_loto_bcos,,,7,scratch,23,2.2497154140011384,2.435215170566852
gen_loto_bcos_7,general_loto_bcos,,,7,scratch,24,2.162531149980113,2.036608485075144
gen_loto_bcos_7,general_loto_bcos,,,7,scratch,25,2.157447312253615,1.954726897753202
gen_loto_bcos_7,general_loto_bcos,,,7,scratch,26,2.093929405864431,2.018855571746826
gen_loto_bcos_7,general_loto_bcos,,,7,scratch,27,2.043284439579558,2.1582204011770396
gen_loto_bcos_7,general_loto_bcos,,,7,scratch,28,2.0141883273480348,2.048783302307129
gen_loto_bcos_7,general_loto_bcos,,,7,scratch,29,1.9545185636749585,2.087992759851309
gen_loto_bcos_7,general_loto_bcos,,,7,scratch,30,1.9519101580532874,2.0479291402376614
gen_loto_bcos_7,general_loto_bcos,,,7,scratch,31,1.9416108855885037,2.276348040654109
gen_loto_bcos_8,general_loto_bcos,,,8,scratch,1,12.062374495669623,7.613876966329721
gen_loto_bcos_8,general_loto_bcos,,,8,scratch,2,10.93722002018881,8.399258393507738
gen_loto_bcos_8,general_loto_bcos,,,8,scratch,3,8.455054362175874,6.7172483297494745
gen_loto_bcos_8,general_loto_bcos,,,8,scratch,4,6.41632834455585,5.090369628025935
gen_loto_bcos_8,general_loto_bcos,,,8,scratch,5,5.281075448291737,6.137285379263071
gen_loto_bcos_8,general_loto_bcos,,,8,scratch,6,4.499200067796759,3.398286911157461
gen_loto_bcos_8,general_loto_bcos,,,8,scratch,7,3.9644507080810505,2.7508287796607385
gen_loto_bcos_8,general_loto_bcos,,,8,scratch,8,3.628362114916849,4.6111363264230585
gen_loto_bcos_8,general_loto_bcos,,,8,scratch,9,3.4370045605944006,4.386247011331411
gen_loto_bcos_8,general_loto_bcos,,,8,scratch,10,3.2486678832802323,2.973948386999277
gen_loto_bcos_8,general_loto_bcos,,,8,scratch,11,3.0716810796142284,2.154780938075139
gen_loto_bcos_8,general_loto_bcos,,,8,scratch,12,2.8815520949126605,2.367221135359544
gen_loto_bcos_8,general_loto_bcos,,,8,scratch,13,2.835905102405759,2.3347985561077413
gen_loto_bcos_8,general_loto_bcos,,,8,scratch,14,2.7144110747793104,2.1120202724750223
gen_loto_bcos_8,general_loto_bcos,,,8,scratch,15,2.5886694741183223,2.686898011427659
gen_loto_bcos_8,general_loto_bcos,,,8,scratch,16,2.53312989476636,2.871773829826942
gen_loto_bcos_8,general_loto_bcos,,,8,scratch,17,2.5025074104907103,1.895662050980788
gen_loto_bcos_8,general_loto_bcos,,,8,scratch,18,2.340974708453068,3.5181841300084042
gen_loto_bcos_8,general_loto_bcos,,,8,scratch,19,2.29736778403514,2.4231337950779843
gen_loto_bcos_8,general_loto_bcos,,,8,scratch,20,2.2146429706014983,3.6796773213606615
gen_loto_bcos_8,general_loto_bcos,,,8,scratch,21,2.2167867142192565,1.7642810894892766
gen_loto_bcos_8,general_loto_bcos,,,8,scratch,22,2.1382912079602976,2.3818251353043776
gen_loto_bcos_8,general_loto_bcos,,,8,scratch,23,2.1296136589998698,2.363363605279189
gen_loto_bcos_8,general_loto_bcos,,,8,scratch,24,2.049813876494518,2.109816789627075
gen_loto_bcos_8,general_loto_bcos,,,8,scratch,25,2.011202450944574,2.5476715014531064
gen_loto_bcos_8,general_loto_bcos,,,8,scratch,26,1.9471007267743843,1.7669343581566443
gen_loto_bcos_8,general_loto_bcos,,,8,scratch,27,1.9041305786996916,2.5212468183957615
gen_loto_bcos_9,general_loto_bcos,,,9,scratch,1,11.733388074853803,17.35676809457632
gen_loto_bcos_9,general_loto_bcos,,,9,scratch,2,10.6308471728425,15.301111368032602
gen_loto_bcos_9,general_loto_bcos,,,9,scratch,3,8.434762315196886,11.059556374183067
gen_loto_bcos_9,general_loto_bcos,,,9,scratch,4,6.378650218083713,8.831134722783016
gen_loto_bcos_9,general_loto_bcos,,,9,scratch,5,5.291899790421375,5.237512881939228
gen_loto_bcos_9,general_loto_bcos,,,9,scratch,6,4.537450274380531,6.820033293503982
gen_loto_bcos_9,general_loto_bcos,,,9,scratch,7,4.001730761804633,6.224532897655781
gen_loto_bcos_9,general_loto_bcos,,,9,scratch,8,3.67056972479952,6.24453617976262
gen_loto_bcos_9,general_loto_bcos,,,9,scratch,9,3.438709592292322,5.3828199459956245
gen_loto_bcos_9,general_loto_bcos,,,9,scratch,10,3.229636374428786,3.4144790722773624
gen_loto_bcos_9,general_loto_bcos,,,9,scratch,11,3.0686262401428013,3.6653448801774244
gen_loto_bcos_9,general_loto_bcos,,,9,scratch,12,2.916945236493211,4.987272299253023
gen_loto_bcos_9,general_loto_bcos,,,9,scratch,13,2.8782495230600977,4.555587108318623
gen_loto_bcos_9,general_loto_bcos,,,9,scratch,14,2.757781698888178,3.206503703044011
gen_loto_bcos_9,general_loto_bcos,,,9,scratch,15,2.6405581988353095,2.7549105974344106
gen_loto_bcos_9,general_loto_bcos,,,9,scratch,16,2.482290008285428,4.990449025080754
gen_loto_bcos_9,general_loto_bcos,,,9,scratch,17,2.444685961989408,4.718684343191294
gen_loto_bcos_9,general_loto_bcos,,,9,scratch,18,2.3713860765346504,5.000456516559307
gen_loto_bcos_9,general_loto_bcos,,,9,scratch,19,2.2746124555722127,4.612141315753643
gen_loto_bcos_9,general_loto_bcos,,,9,scratch,20,2.29600246077743,2.5706123388730564
gen_loto_bcos_9,general_loto_bcos,,,9,scratch,21,2.158013545017875,3.355540495652419
gen_loto_bcos_9,general_loto_bcos,,,9,scratch,22,2.12740739801312,2.7169156624720645
gen_loto_bcos_9,general_loto_bcos,,,9,scratch,23,2.08468832281413,2.9846101173987756
gen_loto_bcos_9,general_loto_bcos,,,9,scratch,24,2.038568154059721,3.4639345682584324
gen_loto_bcos_9,general_loto_bcos,,,9,scratch,25,1.974748377806574,3.4797110740955057
gen_loto_bcos_9,general_loto_bcos,,,9,scratch,26,1.9655255999683676,2.0800302853951087
gen_loto_bcos_9,general_loto_bcos,,,9,scratch,27,1.8919494481376522,2.814875602722168
gen_loto_bcos_9,general_loto_bcos,,,9,scratch,28,1.8909378083042019,2.3097927570343018
gen_loto_bcos_9,general_loto_bcos,,,9,scratch,29,1.8461838290506964,2.8882606396308312
gen_loto_bcos_9,general_loto_bcos,,,9,scratch,30,1.8393687179404727,2.9917546052199144
gen_loto_bcos_9,general_loto_bcos,,,9,scratch,31,1.7688799765557874,2.558891039628249
gen_loto_bcos_9,general_loto_bcos,,,9,scratch,32,1.7372403551531101,2.351700415978065
gen_loto_bcos_10,general_loto_bcos,,,10,scratch,1,11.83486746026932,15.314166509188139
gen_loto_bcos_10,general_loto_bcos,,,10,scratch,2,10.818042509783353,11.150400015024038
gen_loto_bcos_10,general_loto_bcos,,,10,scratch,3,9.00401417150537,9.990036964416504
gen_loto_bcos_10,general_loto_bcos,,,10,scratch,4,6.614315507817565,5.573906751779409
gen_loto_bcos_10,general_loto_bcos,,,10,scratch,5,5.370176012585272,4.936792153578538
gen_loto_bcos_10,general_loto_bcos,,,10,scratch,6,4.673089501933603,5.08534732231727
gen_loto_bcos_10,general_loto_bcos,,,10,scratch,7,4.138564362730393,5.75721447284405
gen_loto_bcos_10,general_loto_bcos,,,10,scratch,8,3.8462717754052718,4.696405667525071
gen_loto_bcos_10,general_loto_bcos,,,10,scratch,9,3.5951865128296867,3.6795515647301307
gen_loto_bcos_10,general_loto_bcos,,,10,scratch,10,3.4027315534826466,3.1746107064760647
gen_loto_bcos_10,general_loto_bcos,,,10,scratch,11,3.1910991790713448,3.036580727650569
gen_loto_bcos_10,general_loto_bcos,,,10,scratch,12,3.0582775406817677,2.977012065740732
gen_loto_bcos_10,general_loto_bcos,,,10,scratch,13,2.8561232004257984,2.814347982406616
gen_loto_bcos_10,general_loto_bcos,,,10,scratch,14,2.7856727492265185,3.0165447821983924
gen_loto_bcos_10,general_loto_bcos,,,10,scratch,15,2.6689545814756865,2.695223459830651
gen_loto_bcos_10,general_loto_bcos,,,10,scratch,16,2.63688561332671,2.61519193649292
gen_loto_bcos_10,general_loto_bcos,,,10,scratch,17,2.4594131066756293,2.5679875153761644
gen_loto_bcos_10,general_loto_bcos,,,10,scratch,18,2.3488908732415563,2.8536881116720347
gen_loto_bcos_10,general_loto_bcos,,,10,scratch,19,2.334874728408592,2.954699552976168
gen_loto_bcos_10,general_loto_bcos,,,10,scratch,20,2.2879760718774333,2.4123396139878492
gen_loto_bcos_10,general_loto_bcos,,,10,scratch,21,2.218944322518788,2.6940920169536886
gen_loto_bcos_10,general_loto_bcos,,,10,scratch,22,2.123571157785207,2.2660721632150502
gen_loto_bcos_10,general_loto_bcos,,,10,scratch,23,2.0685901338463832,2.4428939819335938
gen_loto_bcos_10,general_loto_bcos,,,10,scratch,24,2.0323594153999127,2.308159534747784
gen_loto_bcos_10,general_loto_bcos,,,10,scratch,25,2.0445681436098133,2.196832060813904
gen_loto_bcos_10,general_loto_bcos,,,10,scratch,26,1.9421743855271927,2.1567959785461426
gen_loto_bcos_10,general_loto_bcos,,,10,scratch,27,1.8690882713468242,2.598762879004845
gen_loto_bcos_10,general_loto_bcos,,,10,scratch,28,1.8826979270119886,2.025688831622784
gen_loto_bcos_10,general_loto_bcos,,,10,scratch,29,1.8085823850512999,2.545950706188495
gen_loto_bcos_10,general_loto_bcos,,,10,scratch,30,1.788987801942258,2.302801627379197
gen_loto_bcos_10,general_loto_bcos,,,10,scratch,31,1.7177954221332385,2.09582742360922
gen_loto_bcos_10,general_loto_bcos,,,10,scratch,32,1.689147466280978,2.099794332797711
gen_loto_bcos_10,general_loto_bcos,,,10,scratch,33,1.7106889311538527,2.319552128131573
gen_loto_bcos_10,general_loto_bcos,,,10,scratch,34,1.675897559024816,1.9291901588439941
gen_loto_bcos_10,general_loto_bcos,,,10,scratch,35,1.6421696130665506,2.004985708456773
gen_loto_bcos_10,general_loto_bcos,,,10,scratch,36,1.5819762194964566,1.9957527564122126
gen_loto_bcos_10,general_loto_bcos,,,10,scratch,37,1.581158614917085,2.2366752441112814
gen_loto_bcos_10,general_loto_bcos,,,10,scratch,38,1.5686197465551015,1.9837465836451604
gen_loto_bcos_10,general_loto_bcos,,,10,scratch,39,1.5675945311661084,2.1623057310397806
gen_loto_bcos_10,general_loto_bcos,,,10,scratch,40,1.5521871336268191,1.9842814115377574
gen_loto_bcos_11,general_loto_bcos,,,11,scratch,1,12.070562022825632,7.212692379951477
gen_loto_bcos_11,general_loto_bcos,,,11,scratch,2,11.069538162558118,9.839318434397379
gen_loto_bcos_11,general_loto_bcos,,,11,scratch,3,8.991632571536533,4.108591596285502
gen_loto_bcos_11,general_loto_bcos,,,11,scratch,4,6.512727433805308,3.399318595727285
gen_loto_bcos_11,general_loto_bcos,,,11,scratch,5,5.3850060431338145,2.9133535822232566
gen_loto_bcos_11,general_loto_bcos,,,11,scratch,6,4.673415404327667,3.5320637027422586
gen_loto_bcos_11,general_loto_bcos,,,11,scratch,7,4.249702537915983,3.322102506955465
gen_loto_bcos_11,general_loto_bcos,,,11,scratch,8,3.971226259160437,2.574384311834971
gen_loto_bcos_11,general_loto_bcos,,,11,scratch,9,3.6891621150364533,2.9061542550722756
gen_loto_bcos_11,general_loto_bcos,,,11,scratch,10,3.5397803957949687,2.410600423812866
gen_loto_bcos_11,general_loto_bcos,,,11,scratch,11,3.280889329330697,2.7556853890419006
gen_loto_bcos_11,general_loto_bcos,,,11,scratch,12,3.151096177035274,2.6207956274350486
gen_loto_bcos_11,general_loto_bcos,,,11,scratch,13,2.9720630556838947,2.267228881518046
gen_loto_bcos_11,general_loto_bcos,,,11,scratch,14,2.9256418564701607,2.37051389614741
gen_loto_bcos_11,general_loto_bcos,,,11,scratch,15,2.751124007267188,2.649692972501119
gen_loto_bcos_11,general_loto_bcos,,,11,scratch,16,2.614758959955932,2.337902923425039
gen_loto_bcos_11,general_loto_bcos,,,11,scratch,17,2.55621688043215,2.37004162867864
gen_loto_bcos_11,general_loto_bcos,,,11,scratch,18,2.5771487276198455,3.7043518821398416
gen_loto_bcos_11,general_loto_bcos,,,11,scratch,19,2.429198642955959,2.4217775464057922
gen_loto_bcos_12,general_loto_bcos,,,12,scratch,1,12.32099602235615,4.398361126581828
gen_loto_bcos_12,general_loto_bcos,,,12,scratch,2,11.098758598717536,4.600499113400777
gen_loto_bcos_12,general_loto_bcos,,,12,scratch,3,8.633239506357942,4.505621949831645
gen_loto_bcos_12,general_loto_bcos,,,12,scratch,4,6.545480624088266,6.910834709803264
gen_loto_bcos_12,general_loto_bcos,,,12,scratch,5,5.423882352054449,3.6278032263120017
gen_loto_bcos_12,general_loto_bcos,,,12,scratch,6,4.578533159435125,2.7794326146443686
gen_loto_bcos_12,general_loto_bcos,,,12,scratch,7,4.0296243274409465,2.67242040236791
gen_loto_bcos_12,general_loto_bcos,,,12,scratch,8,3.7683800844197775,2.6067600647608438
gen_loto_bcos_12,general_loto_bcos,,,12,scratch,9,3.4660574846504804,2.6617358525594077
gen_loto_bcos_12,general_loto_bcos,,,12,scratch,10,3.235342628060125,3.437345882256826
gen_loto_bcos_12,general_loto_bcos,,,12,scratch,11,3.141324192120884,3.935218036174774
gen_loto_bcos_12,general_loto_bcos,,,12,scratch,12,3.0056343174112437,2.8257863322893777
gen_loto_bcos_12,general_loto_bcos,,,12,scratch,13,2.8476963919170655,2.280466079711914
gen_loto_bcos_12,general_loto_bcos,,,12,scratch,14,2.766398100398522,2.33114500840505
gen_loto_bcos_12,general_loto_bcos,,,12,scratch,15,2.609498425412573,2.1565410991509757
gen_loto_bcos_12,general_loto_bcos,,,12,scratch,16,2.5533351843857632,2.5473349889119468
gen_loto_bcos_12,general_loto_bcos,,,12,scratch,17,2.4888055115444225,2.2185909748077393
gen_loto_bcos_12,general_loto_bcos,,,12,scratch,18,2.3760502603501905,2.1022264659404755
gen_loto_bcos_12,general_loto_bcos,,,12,scratch,19,2.350327256305442,2.1983463168144226
gen_loto_bcos_12,general_loto_bcos,,,12,scratch,20,2.225969994759691,2.169205625851949
gen_loto_bcos_12,general_loto_bcos,,,12,scratch,21,2.183752739791712,2.2192004124323526
gen_loto_bcos_12,general_loto_bcos,,,12,scratch,22,2.157066314424599,1.991882582505544
gen_loto_bcos_12,general_loto_bcos,,,12,scratch,23,2.073002459429904,2.857249160607656
gen_loto_bcos_12,general_loto_bcos,,,12,scratch,24,2.0241192900344154,1.871341625849406
gen_loto_bcos_12,general_loto_bcos,,,12,scratch,25,2.0247350509654094,2.330964962641398
gen_loto_bcos_12,general_loto_bcos,,,12,scratch,26,1.9896516482145088,2.0800909201304116
gen_loto_bcos_12,general_loto_bcos,,,12,scratch,27,1.9679960381260235,1.7967890997727711
gen_loto_bcos_12,general_loto_bcos,,,12,scratch,28,1.8638703306076936,2.0364284813404083
gen_loto_bcos_12,general_loto_bcos,,,12,scratch,29,1.8537130219172377,2.157823065916697
gen_loto_bcos_12,general_loto_bcos,,,12,scratch,30,1.8158373346974177,1.9642373820145924
gen_loto_bcos_12,general_loto_bcos,,,12,scratch,31,1.8020187229412037,1.7495963176091511
gen_loto_bcos_12,general_loto_bcos,,,12,scratch,32,1.7453235596912342,1.7833857834339142
gen_loto_bcos_12,general_loto_bcos,,,12,scratch,33,1.7417393955736529,1.709960679213206
gen_loto_bcos_12,general_loto_bcos,,,12,scratch,34,1.7338472328133345,1.7405418852965038
gen_loto_bcos_12,general_loto_bcos,,,12,scratch,35,1.6814971786836235,1.8149443368117015
gen_loto_bcos_12,general_loto_bcos,,,12,scratch,36,1.6670408761797688,1.7105798621972401
gen_loto_bcos_12,general_loto_bcos,,,12,scratch,37,1.6461922822736246,1.627346654733022
gen_loto_bcos_12,general_loto_bcos,,,12,scratch,38,1.5936340343886317,1.8107050955295563
gen_loto_bcos_12,general_loto_bcos,,,12,scratch,39,1.600686513093295,1.7184538841247559
gen_loto_bcos_12,general_loto_bcos,,,12,scratch,40,1.6032855767571466,1.5533803304036458
gen_loto_bcos_13,general_loto_bcos,,,13,scratch,1,12.117892306153946,7.462966124216716
gen_loto_bcos_13,general_loto_bcos,,,13,scratch,2,10.953363642508155,9.42750064531962
gen_loto_bcos_13,general_loto_bcos,,,13,scratch,3,8.133123698155524,4.2473984360694885
gen_loto_bcos_13,general_loto_bcos,,,13,scratch,4,5.987106607763807,3.3611865242322287
gen_loto_bcos_13,general_loto_bcos,,,13,scratch,5,5.045140704726646,3.7056091030438743
gen_loto_bcos_13,general_loto_bcos,,,13,scratch,6,4.301265410296825,2.8877137700716653
gen_loto_bcos_13,general_loto_bcos,,,13,scratch,7,3.9366789838885734,2.6745057702064514
gen_loto_bcos_13,general_loto_bcos,,,13,scratch,8,3.670069645781543,2.9618307749430337
gen_loto_bcos_13,general_loto_bcos,,,13,scratch,9,3.451624193573525,3.145596166451772
gen_loto_bcos_13,general_loto_bcos,,,13,scratch,10,3.243415704418941,2.6442860762278237
gen_loto_bcos_13,general_loto_bcos,,,13,scratch,11,3.1766340235320243,2.9908803502718606
gen_loto_bcos_13,general_loto_bcos,,,13,scratch,12,3.0060378075963228,2.5139187375704446
gen_loto_bcos_13,general_loto_bcos,,,13,scratch,13,2.8108942719454264,2.088701069355011
gen_loto_bcos_13,general_loto_bcos,,,13,scratch,14,2.771718546336527,2.603422244389852
gen_loto_bcos_13,general_loto_bcos,,,13,scratch,15,2.6153457533588726,2.6258897185325623
gen_loto_bcos_13,general_loto_bcos,,,13,scratch,16,2.542988550597133,2.0223605732123056
gen_loto_bcos_13,general_loto_bcos,,,13,scratch,17,2.4786674139908005,2.198867936929067
gen_loto_bcos_13,general_loto_bcos,,,13,scratch,18,2.351333457297383,2.4051114916801453
gen_loto_bcos_13,general_loto_bcos,,,13,scratch,19,2.3026222158532117,3.050417423248291
gen_loto_bcos_13,general_loto_bcos,,,13,scratch,20,2.2406750853219743,2.1423346201578775
gen_loto_bcos_13,general_loto_bcos,,,13,scratch,21,2.1667502092722373,2.370556036631266
gen_loto_bcos_13,general_loto_bcos,,,13,scratch,22,2.1777857097472935,1.9985230267047882
gen_loto_bcos_13,general_loto_bcos,,,13,scratch,23,2.024759145896079,2.055012971162796
gen_loto_bcos_13,general_loto_bcos,,,13,scratch,24,1.985283297893092,1.8985676268736522
gen_loto_bcos_13,general_loto_bcos,,,13,scratch,25,2.0297082451825643,1.836642990509669
gen_loto_bcos_13,general_loto_bcos,,,13,scratch,26,1.908789075046613,1.9626841048399608
gen_loto_bcos_13,general_loto_bcos,,,13,scratch,27,1.8826973568339374,2.2894126176834106
gen_loto_bcos_13,general_loto_bcos,,,13,scratch,28,1.8553077575251542,1.7014140089352925
gen_loto_bcos_13,general_loto_bcos,,,13,scratch,29,1.754825485016101,1.9408920407295227
gen_loto_bcos_13,general_loto_bcos,,,13,scratch,30,1.8047024125223001,2.4649634957313538
gen_loto_bcos_13,general_loto_bcos,,,13,scratch,31,1.7632210593855842,2.2149881521860757
gen_loto_bcos_13,general_loto_bcos,,,13,scratch,32,1.764826192546286,1.8206488092740376
gen_loto_bcos_13,general_loto_bcos,,,13,scratch,33,1.6907795789492064,2.279965400695801
gen_loto_bcos_13,general_loto_bcos,,,13,scratch,34,1.6657593459384876,1.61441374818484
gen_loto_bcos_13,general_loto_bcos,,,13,scratch,35,1.6770153623588837,1.479540377855301
gen_loto_bcos_13,general_loto_bcos,,,13,scratch,36,1.6216205409547901,1.557743529478709
gen_loto_bcos_13,general_loto_bcos,,,13,scratch,37,1.597557711667119,2.0369126896063485
gen_loto_bcos_13,general_loto_bcos,,,13,scratch,38,1.5900893501155284,2.0827313562234244
gen_loto_bcos_13,general_loto_bcos,,,13,scratch,39,1.5701204213977518,2.176378160715103
gen_loto_bcos_13,general_loto_bcos,,,13,scratch,40,1.567980282214465,1.5396564702192943
gen_loto_bcos_14,general_loto_bcos,,,14,scratch,1,11.76609702400081,15.113717445960411
gen_loto_bcos_14,general_loto_bcos,,,14,scratch,2,10.711386749098972,9.642506012549767
gen_loto_bcos_14,general_loto_bcos,,,14,scratch,3,8.294695665164546,9.604930070730356
gen_loto_bcos_14,general_loto_bcos,,,14,scratch,4,6.203323159428591,6.187076531923735
gen_loto_bcos_14,general_loto_bcos,,,14,scratch,5,5.103896674859589,5.4508209595313435
gen_loto_bcos_14,general_loto_bcos,,,14,scratch,6,4.528300730563,5.239413463152372
gen_loto_bcos_14,general_loto_bcos,,,14,scratch,7,4.101822082508994,5.954449103428767
gen_loto_bcos_14,general_loto_bcos,,,14,scratch,8,3.8790553752230017,5.413899348332332
gen_loto_bcos_14,general_loto_bcos,,,14,scratch,9,3.567482875196973,5.066840795370249
gen_loto_bcos_14,general_loto_bcos,,,14,scratch,10,3.4287531010353764,4.3637138696817255
gen_loto_bcos_14,general_loto_bcos,,,14,scratch,11,3.271534262770447,4.5390972540928765
gen_loto_bcos_14,general_loto_bcos,,,14,scratch,12,3.098114347918916,3.9358952779036303
gen_loto_bcos_14,general_loto_bcos,,,14,scratch,13,3.0413055406749576,4.044441956740159
gen_loto_bcos_14,general_loto_bcos,,,14,scratch,14,2.804489933983397,3.09146602337177
gen_loto_bcos_14,general_loto_bcos,,,14,scratch,15,2.7809278303088405,4.2363379918611965
gen_loto_bcos_14,general_loto_bcos,,,14,scratch,16,2.6316187187453,3.0652200166995707
gen_loto_bcos_14,general_loto_bcos,,,14,scratch,17,2.5948724058451575,3.1603150092638455
gen_loto_bcos_14,general_loto_bcos,,,14,scratch,18,2.490215841248549,4.328107815522414
gen_loto_bcos_14,general_loto_bcos,,,14,scratch,19,2.4102033608855464,2.749047957933866
gen_loto_bcos_14,general_loto_bcos,,,14,scratch,20,2.338638411701055,3.127430457335252
gen_loto_bcos_14,general_loto_bcos,,,14,scratch,21,2.308367907342331,3.8766980538001428
gen_loto_bcos_14,general_loto_bcos,,,14,scratch,22,2.256758614304316,2.581410417189965
gen_loto_bcos_14,general_loto_bcos,,,14,scratch,23,2.202165885030894,3.7753076553344727
gen_loto_bcos_14,general_loto_bcos,,,14,scratch,24,2.1494441495086605,2.6782181079571066
gen_loto_bcos_14,general_loto_bcos,,,14,scratch,25,2.0879460744436273,3.2840358293973484
gen_loto_bcos_14,general_loto_bcos,,,14,scratch,26,2.0285029567736945,3.179902406839224
gen_loto_bcos_14,general_loto_bcos,,,14,scratch,27,2.021605695644136,2.7701182732215295
gen_loto_bcos_14,general_loto_bcos,,,14,scratch,28,1.9349400501554184,3.4353646498460035
gen_loto_bcos_15,general_loto_bcos,,,15,scratch,1,11.778705299229912,13.222241401672363
gen_loto_bcos_15,general_loto_bcos,,,15,scratch,2,10.709805171134063,11.233902857853817
gen_loto_bcos_15,general_loto_bcos,,,15,scratch,3,8.873425934854792,8.634537696838379
gen_loto_bcos_15,general_loto_bcos,,,15,scratch,4,6.457082043036571,7.901136471674993
gen_loto_bcos_15,general_loto_bcos,,,15,scratch,5,5.362425247608628,5.902695729182317
gen_loto_bcos_15,general_loto_bcos,,,15,scratch,6,4.511570040033667,5.971114965585562
gen_loto_bcos_15,general_loto_bcos,,,15,scratch,7,4.107025457679896,4.868404718545767
gen_loto_bcos_15,general_loto_bcos,,,15,scratch,8,3.759797338293402,5.546747537759634
gen_loto_bcos_15,general_loto_bcos,,,15,scratch,9,3.5722590497185513,3.6518432177030125
gen_loto_bcos_15,general_loto_bcos,,,15,scratch,10,3.3444482170415846,4.665785789489746
gen_loto_bcos_15,general_loto_bcos,,,15,scratch,11,3.1615452022183668,5.901761788588304
gen_loto_bcos_15,general_loto_bcos,,,15,scratch,12,3.02317642572835,3.43132837002094
gen_loto_bcos_15,general_loto_bcos,,,15,scratch,13,2.8549527348075783,4.181505386645977
gen_loto_bcos_15,general_loto_bcos,,,15,scratch,14,2.7592176874039582,4.470288368371817
gen_loto_bcos_15,general_loto_bcos,,,15,scratch,15,2.5658587324355846,3.2221582119281473
gen_loto_bcos_15,general_loto_bcos,,,15,scratch,16,2.5247687639781784,4.198082557091346
gen_loto_bcos_15,general_loto_bcos,,,15,scratch,17,2.4051221790234685,3.327643192731417
gen_loto_bcos_15,general_loto_bcos,,,15,scratch,18,2.3317248752103983,5.246611411754902
gen_loto_bcos_15,general_loto_bcos,,,15,scratch,19,2.3006533716923623,2.820055374732384
gen_loto_bcos_15,general_loto_bcos,,,15,scratch,20,2.211261672538947,2.867725684092595
gen_loto_bcos_15,general_loto_bcos,,,15,scratch,21,2.123678584454468,3.2090117014371433
gen_loto_bcos_15,general_loto_bcos,,,15,scratch,22,2.0712730627692206,2.5952768876002383
gen_loto_bcos_15,general_loto_bcos,,,15,scratch,23,2.0679566260859454,3.022159136258639
gen_loto_bcos_15,general_loto_bcos,,,15,scratch,24,1.9476014387212406,2.8038595089545617
gen_loto_bcos_15,general_loto_bcos,,,15,scratch,25,1.9554279481179149,2.356202400647677
gen_loto_bcos_15,general_loto_bcos,,,15,scratch,26,1.9005604193684804,2.4351299909444957
gen_loto_bcos_15,general_loto_bcos,,,15,scratch,27,1.8650075875593153,2.5370500637934756
gen_loto_bcos_15,general_loto_bcos,,,15,scratch,28,1.811911734922156,2.7663689851760864
gen_loto_bcos_15,general_loto_bcos,,,15,scratch,29,1.8002894128883742,2.6443707392765927
gen_loto_bcos_15,general_loto_bcos,,,15,scratch,30,1.769369397868109,2.673358495418842
gen_loto_bcos_15,general_loto_bcos,,,15,scratch,31,1.7490855993816208,2.2645405439230113
gen_loto_bcos_15,general_loto_bcos,,,15,scratch,32,1.729798863441246,2.8118949119861307
gen_loto_bcos_15,general_loto_bcos,,,15,scratch,33,1.648649275796848,2.8370834313906155
gen_loto_bcos_15,general_loto_bcos,,,15,scratch,34,1.6627417822569115,2.2176354023126454
gen_loto_bcos_15,general_loto_bcos,,,15,scratch,35,1.627263228043667,2.3817848425645094
gen_loto_bcos_15,general_loto_bcos,,,15,scratch,36,1.6130468751514815,2.1977827824079075
gen_loto_bcos_15,general_loto_bcos,,,15,scratch,37,1.607730185047039,2.1171444746164174
gen_loto_bcos_15,general_loto_bcos,,,15,scratch,38,1.5486392289894062,2.3622615337371826
gen_loto_bcos_15,general_loto_bcos,,,15,scratch,39,1.5432464072058873,2.264140486717224
gen_loto_bcos_15,general_loto_bcos,,,15,scratch,40,1.5148352901579925,2.5240940497471738
gen_loto_bcos_16,general_loto_bcos,,,16,scratch,1,12.023374870110349,12.064953143780048
gen_loto_bcos_16,general_loto_bcos,,,16,scratch,2,11.005367286967044,8.695137904240536
gen_loto_bcos_16,general_loto_bcos,,,16,scratch,3,8.822155593012049,7.547225328592154
gen_loto_bcos_16,general_loto_bcos,,,16,scratch,4,6.619002840166105,4.780284881591797
gen_loto_bcos_16,general_loto_bcos,,,16,scratch,5,5.25391118852924,5.244455594282884
gen_loto_bcos_16,general_loto_bcos,,,16,scratch,6,4.4856892222355675,3.146000073506282
gen_loto_bcos_16,general_loto_bcos,,,16,scratch,7,3.9203270025767725,3.9841533440809984
gen_loto_bcos_16,general_loto_bcos,,,16,scratch,8,3.6591916410754823,2.7207597219027004
gen_loto_bcos_16,general_loto_bcos,,,16,scratch,9,3.3546182373912172,2.603368740815383
gen_loto_bcos_16,general_loto_bcos,,,16,scratch,10,3.1851346149813913,3.191479756281926
gen_loto_bcos_16,general_loto_bcos,,,16,scratch,11,2.9753199744851098,2.1805840822366567
gen_loto_bcos_16,general_loto_bcos,,,16,scratch,12,2.836021364642047,3.260926888539241
gen_loto_bcos_16,general_loto_bcos,,,16,scratch,13,2.7846731303638443,2.1855459213256836
gen_loto_bcos_16,general_loto_bcos,,,16,scratch,14,2.6555960755460326,2.893580510066106
gen_loto_bcos_16,general_loto_bcos,,,16,scratch,15,2.548563342866067,2.140438538331252
gen_loto_bcos_16,general_loto_bcos,,,16,scratch,16,2.48080971297057,2.0132293701171875
gen_loto_bcos_16,general_loto_bcos,,,16,scratch,17,2.3845824638013196,2.5085099660433254
gen_loto_bcos_16,general_loto_bcos,,,16,scratch,18,2.2812865843911387,1.6651814167316144
gen_loto_bcos_16,general_loto_bcos,,,16,scratch,19,2.247774245003612,2.1330730456572313
gen_loto_bcos_16,general_loto_bcos,,,16,scratch,20,2.2092243103235756,2.187973297559298
gen_loto_bcos_16,general_loto_bcos,,,16,scratch,21,2.148019222138169,1.8584387394098134
gen_loto_bcos_16,general_loto_bcos,,,16,scratch,22,2.0647785180502085,2.1958389098827658
gen_loto_bcos_16,general_loto_bcos,,,16,scratch,23,2.05111529586391,1.8166521512545073
gen_loto_bcos_16,general_loto_bcos,,,16,scratch,24,1.9990745743280625,1.855134863119859
gen_loto_bcos_17,general_loto_bcos,,,17,scratch,1,12.283436091565296,5.812121748924255
gen_loto_bcos_17,general_loto_bcos,,,17,scratch,2,11.022541821990883,4.711218039194743
gen_loto_bcos_17,general_loto_bcos,,,17,scratch,3,8.200869740043556,4.989531636238098
gen_loto_bcos_17,general_loto_bcos,,,17,scratch,4,6.220907840280901,5.679689645767212
gen_loto_bcos_17,general_loto_bcos,,,17,scratch,5,5.105217860219228,3.4845353762308755
gen_loto_bcos_17,general_loto_bcos,,,17,scratch,6,4.307956103132574,3.28044863541921
gen_loto_bcos_17,general_loto_bcos,,,17,scratch,7,3.9206003961642146,4.454664826393127
gen_loto_bcos_17,general_loto_bcos,,,17,scratch,8,3.562415709482372,3.609517196814219
gen_loto_bcos_17,general_loto_bcos,,,17,scratch,9,3.4039348604270767,3.2039717038472495
gen_loto_bcos_17,general_loto_bcos,,,17,scratch,10,3.2065778032192207,2.6433167656262717
gen_loto_bcos_17,general_loto_bcos,,,17,scratch,11,3.112644157356979,2.6885137955347695
gen_loto_bcos_17,general_loto_bcos,,,17,scratch,12,2.927319915584438,2.429181615511576
gen_loto_bcos_17,general_loto_bcos,,,17,scratch,13,2.8442288238699267,2.269581377506256
gen_loto_bcos_17,general_loto_bcos,,,17,scratch,14,2.7108088820678753,2.4783637722333274
gen_loto_bcos_17,general_loto_bcos,,,17,scratch,15,2.642120309462205,2.518828888734182
gen_loto_bcos_17,general_loto_bcos,,,17,scratch,16,2.5530289467527063,1.9466954867045085
gen_loto_bcos_17,general_loto_bcos,,,17,scratch,17,2.493078465784452,2.1978742281595864
gen_loto_bcos_17,general_loto_bcos,,,17,scratch,18,2.3871089099849785,2.550248901049296
gen_loto_bcos_17,general_loto_bcos,,,17,scratch,19,2.370573877300347,2.085642009973526
gen_loto_bcos_17,general_loto_bcos,,,17,scratch,20,2.2934866310483186,2.5077988306681314
gen_loto_bcos_17,general_loto_bcos,,,17,scratch,21,2.2168499371294157,2.987224558989207
gen_loto_bcos_17,general_loto_bcos,,,17,scratch,22,2.177876798981461,2.1539319654305777
gen_loto_bcos_18,general_loto_bcos,,,18,scratch,1,12.057993172282014,7.4384251435597735
gen_loto_bcos_18,general_loto_bcos,,,18,scratch,2,11.00456662731276,10.535209496816
gen_loto_bcos_18,general_loto_bcos,,,18,scratch,3,8.68863631282722,5.321033875147502
gen_loto_bcos_18,general_loto_bcos,,,18,scratch,4,6.38401980689876,5.341523806254069
gen_loto_bcos_18,general_loto_bcos,,,18,scratch,5,5.072704125833774,6.3783570528030396
gen_loto_bcos_18,general_loto_bcos,,,18,scratch,6,4.3547689937754885,4.336419145266215
gen_loto_bcos_18,general_loto_bcos,,,18,scratch,7,3.974604226607644,3.3895367781321206
gen_loto_bcos_18,general_loto_bcos,,,18,scratch,8,3.6399144200988895,3.1157368818918862
gen_loto_bcos_18,general_loto_bcos,,,18,scratch,9,3.429281725079974,2.592853605747223
gen_loto_bcos_18,general_loto_bcos,,,18,scratch,10,3.2334391152002535,2.5309053460756936
gen_loto_bcos_18,general_loto_bcos,,,18,scratch,11,3.109241181315638,2.5652432839075723
gen_loto_bcos_18,general_loto_bcos,,,18,scratch,12,2.933585139927943,2.3420234521230063
gen_loto_bcos_18,general_loto_bcos,,,18,scratch,13,2.7475554864050933,3.2399592200915017
gen_loto_bcos_18,general_loto_bcos,,,18,scratch,14,2.733969156419375,2.37298591931661
gen_loto_bcos_18,general_loto_bcos,,,18,scratch,15,2.6053773205912574,2.2487374544143677
gen_loto_bcos_18,general_loto_bcos,,,18,scratch,16,2.4663413002346104,2.3922932545344033
gen_loto_bcos_18,general_loto_bcos,,,18,scratch,17,2.4845108574266592,2.9731146891911826
gen_loto_bcos_18,general_loto_bcos,,,18,scratch,18,2.316311053643569,2.436738590399424
gen_loto_bcos_18,general_loto_bcos,,,18,scratch,19,2.293468057615322,2.0293205877145133
gen_loto_bcos_18,general_loto_bcos,,,18,scratch,20,2.2337049879751154,2.5191951195398965
gen_loto_bcos_18,general_loto_bcos,,,18,scratch,21,2.17534129823769,1.8479705850283306
gen_loto_bcos_18,general_loto_bcos,,,18,scratch,22,2.0548197044193417,2.2263867259025574
gen_loto_bcos_18,general_loto_bcos,,,18,scratch,23,2.0616159722291303,1.777866154909134
gen_loto_bcos_18,general_loto_bcos,,,18,scratch,24,2.0224596726301627,2.6044390201568604
gen_loto_bcos_18,general_loto_bcos,,,18,scratch,25,1.975935792725389,1.9923556645711262
gen_loto_bcos_18,general_loto_bcos,,,18,scratch,26,1.9293314686137668,2.033301522334417
gen_loto_bcos_18,general_loto_bcos,,,18,scratch,27,1.870139194292258,2.57179727156957
gen_loto_bcos_18,general_loto_bcos,,,18,scratch,28,1.8293789470393356,2.51160329580307
gen_loto_bcos_18,general_loto_bcos,,,18,scratch,29,1.8346305879769405,1.9473977188269298
gen_loto_bcos_19,general_loto_bcos,,,19,scratch,1,11.747477627590875,11.388085921605429
gen_loto_bcos_19,general_loto_bcos,,,19,scratch,2,10.745313134641279,15.321869770685831
gen_loto_bcos_19,general_loto_bcos,,,19,scratch,3,8.66052963457055,7.902134458223979
gen_loto_bcos_19,general_loto_bcos,,,19,scratch,4,6.361517789614135,8.185485323270163
gen_loto_bcos_19,general_loto_bcos,,,19,scratch,5,5.141394179499611,5.599449515342712
gen_loto_bcos_19,general_loto_bcos,,,19,scratch,6,4.357834957910506,4.882349570592244
gen_loto_bcos_19,general_loto_bcos,,,19,scratch,7,3.8741475758631587,4.475516398747762
gen_loto_bcos_19,general_loto_bcos,,,19,scratch,8,3.6689599554841688,5.3372442324956255
gen_loto_bcos_19,general_loto_bcos,,,19,scratch,9,3.384650418442257,4.493418176968892
gen_loto_bcos_19,general_loto_bcos,,,19,scratch,10,3.265106149141301,4.586869120597839
gen_loto_bcos_19,general_loto_bcos,,,19,scratch,11,3.0611664201673223,3.4529963533083596
gen_loto_bcos_19,general_loto_bcos,,,19,scratch,12,2.8395343656697984,3.919156491756439
gen_loto_bcos_19,general_loto_bcos,,,19,scratch,13,2.777939683165998,3.339832146962484
gen_loto_bcos_19,general_loto_bcos,,,19,scratch,14,2.642147449663331,4.194412728150685
gen_loto_bcos_19,general_loto_bcos,,,19,scratch,15,2.5981064096340156,3.82427571217219
gen_loto_bcos_19,general_loto_bcos,,,19,scratch,16,2.463847710941378,3.791196286678314
gen_loto_bcos_19,general_loto_bcos,,,19,scratch,17,2.34381996580909,3.415494203567505
gen_loto_bcos_19,general_loto_bcos,,,19,scratch,18,2.298553872668282,3.12393327554067
gen_loto_bcos_19,general_loto_bcos,,,19,scratch,19,2.235301456234073,3.448846717675527
gen_loto_bcos_19,general_loto_bcos,,,19,scratch,20,2.1772121708037444,3.245456039905548
gen_loto_bcos_19,general_loto_bcos,,,19,scratch,21,2.1134311377343553,3.0447691082954407
gen_loto_bcos_19,general_loto_bcos,,,19,scratch,22,2.0538812337330032,2.5467955470085144
gen_loto_bcos_19,general_loto_bcos,,,19,scratch,23,2.016731950459559,3.2504881620407104
gen_loto_bcos_19,general_loto_bcos,,,19,scratch,24,1.9848620641297399,2.9651373624801636
gen_loto_bcos_19,general_loto_bcos,,,19,scratch,25,1.92107449249668,2.4277321894963584
gen_loto_bcos_19,general_loto_bcos,,,19,scratch,26,1.908516557341781,2.899043301741282
gen_loto_bcos_19,general_loto_bcos,,,19,scratch,27,1.8543506239988528,2.837813079357147
gen_loto_bcos_19,general_loto_bcos,,,19,scratch,28,1.8065198528173878,2.2218498289585114
gen_loto_bcos_19,general_loto_bcos,,,19,scratch,29,1.7802695770290016,2.216565489768982
gen_loto_bcos_19,general_loto_bcos,,,19,scratch,30,1.7361667424605038,2.4861251513163247
gen_loto_bcos_19,general_loto_bcos,,,19,scratch,31,1.7077656561169177,3.053932468096415
gen_loto_bcos_19,general_loto_bcos,,,19,scratch,32,1.6592822172035828,2.7621122002601624
gen_loto_bcos_19,general_loto_bcos,,,19,scratch,33,1.6808385182151477,2.029121547937393
gen_loto_bcos_19,general_loto_bcos,,,19,scratch,34,1.6613370707021893,2.3068961103757224
gen_loto_bcos_19,general_loto_bcos,,,19,scratch,35,1.64360427000246,2.123316695292791
gen_loto_bcos_19,general_loto_bcos,,,19,scratch,36,1.592644141853185,2.082759122053782
gen_loto_bcos_19,general_loto_bcos,,,19,scratch,37,1.5815827122050754,2.015959541002909
gen_loto_bcos_19,general_loto_bcos,,,19,scratch,38,1.5520470753229785,2.533872346083323
gen_loto_bcos_19,general_loto_bcos,,,19,scratch,39,1.5117449962137812,2.306931217511495
gen_loto_bcos_19,general_loto_bcos,,,19,scratch,40,1.5605443062373947,2.1192814111709595
gen_loto_bcos_20,general_loto_bcos,,,20,scratch,1,11.644813071298335,14.439908541165865
gen_loto_bcos_20,general_loto_bcos,,,20,scratch,2,10.688615578972833,20.885280462411735
gen_loto_bcos_20,general_loto_bcos,,,20,scratch,3,8.742477022481888,12.538972267737755
gen_loto_bcos_20,general_loto_bcos,,,20,scratch,4,6.376555875520022,10.301243488605206
gen_loto_bcos_20,general_loto_bcos,,,20,scratch,5,5.309198277431299,6.791513919830322
gen_loto_bcos_20,general_loto_bcos,,,20,scratch,6,4.59599880322567,9.348912092355581
gen_loto_bcos_20,general_loto_bcos,,,20,scratch,7,4.108723423098991,6.260304157550518
gen_loto_bcos_20,general_loto_bcos,,,20,scratch,8,3.822978005554136,5.038869234231802
gen_loto_bcos_20,general_loto_bcos,,,20,scratch,9,3.605858896648028,5.479233521681565
gen_loto_bcos_20,general_loto_bcos,,,20,scratch,10,3.4159824946967277,6.871881081507756
gen_loto_bcos_20,general_loto_bcos,,,20,scratch,11,3.260968835972949,5.5033088097205525
gen_loto_bcos_20,general_loto_bcos,,,20,scratch,12,3.0833848833379167,5.678752825810359
gen_loto_bcos_20,general_loto_bcos,,,20,scratch,13,3.013585957703669,5.009077659020057
gen_loto_bcos_20,general_loto_bcos,,,20,scratch,14,2.873397636314782,4.540204781752366
gen_loto_bcos_20,general_loto_bcos,,,20,scratch,15,2.787125357442139,6.2380158717815695
gen_loto_bcos_20,general_loto_bcos,,,20,scratch,16,2.665934392595818,4.739795354696421
gen_loto_bcos_20,general_loto_bcos,,,20,scratch,17,2.584373660015138,5.185412076803354
gen_loto_bcos_20,general_loto_bcos,,,20,scratch,18,2.5040278685027064,3.4381451423351583
gen_loto_bcos_20,general_loto_bcos,,,20,scratch,19,2.393349328587727,3.854169038625864
gen_loto_bcos_20,general_loto_bcos,,,20,scratch,20,2.333072077174213,4.392148403021006
gen_loto_bcos_20,general_loto_bcos,,,20,scratch,21,2.2770124621154193,5.038315516251784
gen_loto_bcos_20,general_loto_bcos,,,20,scratch,22,2.194508455240924,4.209244287931002
gen_loto_bcos_20,general_loto_bcos,,,20,scratch,23,2.1489212801113973,4.267944556016189
gen_loto_bcos_20,general_loto_bcos,,,20,scratch,24,2.14875450960839,3.267575869193444
gen_loto_bcos_20,general_loto_bcos,,,20,scratch,25,2.055240112938275,3.9132178930135875
gen_loto_bcos_20,general_loto_bcos,,,20,scratch,26,2.0009075297835124,5.211117304288424
gen_loto_bcos_20,general_loto_bcos,,,20,scratch,27,1.9994432837264973,3.444420631115253
gen_loto_bcos_20,general_loto_bcos,,,20,scratch,28,1.9061706871288258,3.9347976537851186
gen_loto_bcos_20,general_loto_bcos,,,20,scratch,29,1.954349674078641,3.182579884162316
gen_loto_bcos_20,general_loto_bcos,,,20,scratch,30,1.9162805966250804,2.7153004682981052
gen_loto_bcos_20,general_loto_bcos,,,20,scratch,31,1.8460756696719491,2.9686294335585375
gen_loto_bcos_20,general_loto_bcos,,,20,scratch,32,1.8347293428294567,3.129019700563871
gen_loto_bcos_20,general_loto_bcos,,,20,scratch,33,1.809213734792741,3.161584634047288
gen_loto_bcos_20,general_loto_bcos,,,20,scratch,34,1.7349202700412076,3.952132298396184
gen_loto_bcos_20,general_loto_bcos,,,20,scratch,35,1.7519725058948137,3.182106825021597
gen_loto_bcos_20,general_loto_bcos,,,20,scratch,36,1.7202888448923332,2.5715022453894982
gen_loto_bcos_20,general_loto_bcos,,,20,scratch,37,1.6670510467574082,3.337642706357516
gen_loto_bcos_20,general_loto_bcos,,,20,scratch,38,1.649689027288342,3.115252036314744
gen_loto_bcos_20,general_loto_bcos,,,20,scratch,39,1.672886753115206,2.950133121930636
gen_loto_bcos_20,general_loto_bcos,,,20,scratch,40,1.6256607652369126,3.910943636527428
gen_loto_bcos_21,general_loto_bcos,,,21,scratch,1,11.905349731445312,11.738283634185791
gen_loto_bcos_21,general_loto_bcos,,,21,scratch,2,10.565113133488438,10.052414655685425
gen_loto_bcos_21,general_loto_bcos,,,21,scratch,3,7.875615357694047,8.786961952845255
gen_loto_bcos_21,general_loto_bcos,,,21,scratch,4,5.978169415537165,8.604735136032104
gen_loto_bcos_21,general_loto_bcos,,,21,scratch,5,5.018171746098534,4.673966685930888
gen_loto_bcos_21,general_loto_bcos,,,21,scratch,6,4.372835441188918,5.393431385358174
gen_loto_bcos_21,general_loto_bcos,,,21,scratch,7,3.8596648228102626,4.255587339401245
gen_loto_bcos_21,general_loto_bcos,,,21,scratch,8,3.6319941502908315,4.519536733627319
gen_loto_bcos_21,general_loto_bcos,,,21,scratch,9,3.496937674712081,4.383736968040466
gen_loto_bcos_21,general_loto_bcos,,,21,scratch,10,3.2676882664801665,3.9862069288889566
gen_loto_bcos_21,general_loto_bcos,,,21,scratch,11,3.130322655261551,4.430837035179138
gen_loto_bcos_21,general_loto_bcos,,,21,scratch,12,2.983652887423394,3.0686705907185874
gen_loto_bcos_21,general_loto_bcos,,,21,scratch,13,2.9226966352093946,3.658417284488678
gen_loto_bcos_21,general_loto_bcos,,,21,scratch,14,2.7829786547310444,3.069990555445353
gen_loto_bcos_21,general_loto_bcos,,,21,scratch,15,2.667870371545876,3.5854753653208413
gen_loto_bcos_21,general_loto_bcos,,,21,scratch,16,2.623869355047605,2.840060810248057
gen_loto_bcos_21,general_loto_bcos,,,21,scratch,17,2.5061704779856773,3.185543954372406
gen_loto_bcos_21,general_loto_bcos,,,21,scratch,18,2.467406584413012,3.7457317113876343
gen_loto_bcos_21,general_loto_bcos,,,21,scratch,19,2.3910029201217777,2.9620898365974426
gen_loto_bcos_21,general_loto_bcos,,,21,scratch,20,2.255930668082685,3.0839101672172546
gen_loto_bcos_21,general_loto_bcos,,,21,scratch,21,2.2115353788789465,3.3897746205329895
gen_loto_bcos_21,general_loto_bcos,,,21,scratch,22,2.17308073165667,3.5016537507375083
gen_loto_bcos_22,general_loto_bcos,,,22,scratch,1,11.997502487667358,11.068100214004517
gen_loto_bcos_22,general_loto_bcos,,,22,scratch,2,10.7573698936905,10.051933765411377
gen_loto_bcos_22,general_loto_bcos,,,22,scratch,3,8.222914085862387,9.252987623214722
gen_loto_bcos_22,general_loto_bcos,,,22,scratch,4,6.42641682453577,6.850462237993876
gen_loto_bcos_22,general_loto_bcos,,,22,scratch,5,5.6163519515517,8.052647272745768
gen_loto_bcos_22,general_loto_bcos,,,22,scratch,6,4.826384471595617,5.473859707514445
gen_loto_bcos_22,general_loto_bcos,,,22,scratch,7,4.19473262814527,4.767768144607544
gen_loto_bcos_22,general_loto_bcos,,,22,scratch,8,3.819677189898096,4.481171449025472
gen_loto_bcos_22,general_loto_bcos,,,22,scratch,9,3.5184940896640167,4.357837160428365
gen_loto_bcos_22,general_loto_bcos,,,22,scratch,10,3.3668336562030223,4.238609115282695
gen_loto_bcos_22,general_loto_bcos,,,22,scratch,11,3.187306527933363,3.6227684219678244
gen_loto_bcos_22,general_loto_bcos,,,22,scratch,12,3.060090643266288,3.9057623942693076
gen_loto_bcos_22,general_loto_bcos,,,22,scratch,13,2.918933592448577,3.572883407274882
gen_loto_bcos_22,general_loto_bcos,,,22,scratch,14,2.838365442845044,3.7144527435302734
gen_loto_bcos_22,general_loto_bcos,,,22,scratch,15,2.723974967365107,3.148325184981028
gen_loto_bcos_22,general_loto_bcos,,,22,scratch,16,2.6354354792866257,3.351349731286367
gen_loto_bcos_22,general_loto_bcos,,,22,scratch,17,2.5175748809925103,2.715196510155996
gen_loto_bcos_22,general_loto_bcos,,,22,scratch,18,2.4466053400579737,2.7044841051101685
gen_loto_bcos_22,general_loto_bcos,,,22,scratch,19,2.364287178654697,3.099846303462982
gen_loto_bcos_22,general_loto_bcos,,,22,scratch,20,2.3584889593374663,2.3741337060928345
gen_loto_bcos_22,general_loto_bcos,,,22,scratch,21,2.239625507955393,2.3046410580476127
gen_loto_bcos_22,general_loto_bcos,,,22,scratch,22,2.1811633082055257,2.2275137702624
gen_loto_bcos_22,general_loto_bcos,,,22,scratch,23,2.1610770245283346,2.6094555656115213
gen_loto_bcos_22,general_loto_bcos,,,22,scratch,24,2.0953646009139595,2.7073220014572144
gen_loto_bcos_22,general_loto_bcos,,,22,scratch,25,2.0315738906517873,2.3001209100087485
gen_loto_bcos_22,general_loto_bcos,,,22,scratch,26,1.9873036319050341,2.176667461792628
gen_loto_bcos_22,general_loto_bcos,,,22,scratch,27,1.9679444720402608,2.2664715051651
gen_loto_bcos_22,general_loto_bcos,,,22,scratch,28,1.900728971095375,2.181660254796346
gen_loto_bcos_22,general_loto_bcos,,,22,scratch,29,1.8686508289358235,2.192182073990504
gen_loto_bcos_22,general_loto_bcos,,,22,scratch,30,1.860540349839142,1.8755986094474792
gen_loto_bcos_22,general_loto_bcos,,,22,scratch,31,1.8162730133665201,1.8146189351876576
gen_loto_bcos_22,general_loto_bcos,,,22,scratch,32,1.7544788097479067,1.8498175044854481
gen_loto_bcos_22,general_loto_bcos,,,22,scratch,33,1.739712488585414,2.1476285258928933
gen_loto_bcos_22,general_loto_bcos,,,22,scratch,34,1.7346562308501143,1.7777574857076008
gen_loto_bcos_22,general_loto_bcos,,,22,scratch,35,1.6792288076811732,1.6702198286851246
gen_loto_bcos_22,general_loto_bcos,,,22,scratch,36,1.6959612478208805,1.9422453045845032
gen_loto_bcos_22,general_loto_bcos,,,22,scratch,37,1.656491187066663,1.7316414614518483
gen_loto_bcos_22,general_loto_bcos,,,22,scratch,38,1.595288350766535,1.7116129795710247
gen_loto_bcos_22,general_loto_bcos,,,22,scratch,39,1.565847705164667,1.778489311536153
gen_loto_bcos_22,general_loto_bcos,,,22,scratch,40,1.5930815575366521,1.8670552273591359
gen_loto_bcos_23,general_loto_bcos,,,23,scratch,1,11.97038431457393,9.303224123441256
gen_loto_bcos_23,general_loto_bcos,,,23,scratch,2,10.859130095381763,11.34873705643874
gen_loto_bcos_23,general_loto_bcos,,,23,scratch,3,8.43237213205896,7.665119391221267
gen_loto_bcos_23,general_loto_bcos,,,23,scratch,4,6.071040144941425,7.349167273594783
gen_loto_bcos_23,general_loto_bcos,,,23,scratch,5,4.911703985369667,4.74958716906034
gen_loto_bcos_23,general_loto_bcos,,,23,scratch,6,4.236307226491896,6.004484103276179
gen_loto_bcos_23,general_loto_bcos,,,23,scratch,7,3.760315988274569,5.650664329528809
gen_loto_bcos_23,general_loto_bcos,,,23,scratch,8,3.5283478185616803,5.43223971586961
gen_loto_bcos_23,general_loto_bcos,,,23,scratch,9,3.286518948512841,3.8296314019423265
gen_loto_bcos_23,general_loto_bcos,,,23,scratch,10,3.1151578933494526,3.3222106786874623
gen_loto_bcos_23,general_loto_bcos,,,23,scratch,11,2.959672246190066,3.956229026500995
gen_loto_bcos_23,general_loto_bcos,,,23,scratch,12,2.823666323943691,3.9565412998199463
gen_loto_bcos_23,general_loto_bcos,,,23,scratch,13,2.6884812603997923,3.190108354275043
gen_loto_bcos_23,general_loto_bcos,,,23,scratch,14,2.556529742413463,4.292388402498686
gen_loto_bcos_23,general_loto_bcos,,,23,scratch,15,2.4718401109316073,2.971192488303551
gen_loto_bcos_23,general_loto_bcos,,,23,scratch,16,2.422803396019488,3.8923456302055945
gen_loto_bcos_23,general_loto_bcos,,,23,scratch,17,2.3356508604400066,3.303901745722844
gen_loto_bcos_23,general_loto_bcos,,,23,scratch,18,2.225886631407132,2.856033435234657
gen_loto_bcos_23,general_loto_bcos,,,23,scratch,19,2.1858445019023853,2.417553791633019
gen_loto_bcos_23,general_loto_bcos,,,23,scratch,20,2.116039513224396,2.9135441963489237
gen_loto_bcos_23,general_loto_bcos,,,23,scratch,21,2.076320518446232,2.586708875802847
gen_loto_bcos_23,general_loto_bcos,,,23,scratch,22,2.0262920904225408,2.1716984785520115
gen_loto_bcos_23,general_loto_bcos,,,23,scratch,23,1.9819497401872392,2.1417560302294216
gen_loto_bcos_23,general_loto_bcos,,,23,scratch,24,1.9098496440365829,2.557575922745925
gen_loto_bcos_23,general_loto_bcos,,,23,scratch,25,1.892265276355638,2.1527677957828226
gen_loto_bcos_23,general_loto_bcos,,,23,scratch,26,1.833791261549154,2.0961023477407603
gen_loto_bcos_23,general_loto_bcos,,,23,scratch,27,1.785263202631671,2.2184329949892483
gen_loto_bcos_23,general_loto_bcos,,,23,scratch,28,1.7719420300004232,2.2405968262599063
gen_loto_bcos_23,general_loto_bcos,,,23,scratch,29,1.761277777384658,2.0483842079456034
gen_loto_bcos_23,general_loto_bcos,,,23,scratch,30,1.710614619828061,1.9549020253694975
gen_loto_bcos_23,general_loto_bcos,,,23,scratch,31,1.7024304998513744,2.1801688854510965
gen_loto_bcos_23,general_loto_bcos,,,23,scratch,32,1.6413008633239494,2.0728695759406457
gen_loto_bcos_23,general_loto_bcos,,,23,scratch,33,1.5907804906697562,3.0974448460799
gen_loto_bcos_23,general_loto_bcos,,,23,scratch,34,1.6310221778424405,2.64231905570397
gen_loto_bcos_23,general_loto_bcos,,,23,scratch,35,1.584139668645121,2.4957245771701517
gen_loto_bcos_23,general_loto_bcos,,,23,scratch,36,1.5524507994809862,2.237711631334745
gen_loto_bcos_24,general_loto_bcos,,,24,scratch,1,11.671541047788754,15.860426829411434
gen_loto_bcos_24,general_loto_bcos,,,24,scratch,2,10.622224273523354,17.69180811368502
gen_loto_bcos_24,general_loto_bcos,,,24,scratch,3,8.295906613641424,10.579637013948881
gen_loto_bcos_24,general_loto_bcos,,,24,scratch,4,6.232792299647879,12.331772804260254
gen_loto_bcos_24,general_loto_bcos,,,24,scratch,5,5.265256854013783,9.245622414809008
gen_loto_bcos_24,general_loto_bcos,,,24,scratch,6,4.400671152982804,6.363144617814284
gen_loto_bcos_24,general_loto_bcos,,,24,scratch,7,3.955130274365057,5.931465185605562
gen_loto_bcos_24,general_loto_bcos,,,24,scratch,8,3.551494768876093,4.732565366304838
gen_loto_bcos_24,general_loto_bcos,,,24,scratch,9,3.3295186858619066,7.084747938009409
gen_loto_bcos_24,general_loto_bcos,,,24,scratch,10,3.170100842933602,6.153680691352258
gen_loto_bcos_24,general_loto_bcos,,,24,scratch,11,2.986211495445642,5.552798197819636
gen_loto_bcos_24,general_loto_bcos,,,24,scratch,12,2.8294348472711293,3.6399583633129415
gen_loto_bcos_24,general_loto_bcos,,,24,scratch,13,2.7630036515319003,4.050290126066941
gen_loto_bcos_24,general_loto_bcos,,,24,scratch,14,2.5553803499968386,4.332884054917556
gen_loto_bcos_24,general_loto_bcos,,,24,scratch,15,2.5495700982926133,4.141037757580097
gen_loto_bcos_24,general_loto_bcos,,,24,scratch,16,2.399133564855383,3.753033858079177
gen_loto_bcos_24,general_loto_bcos,,,24,scratch,17,2.308743089561146,4.3437323203453655
gen_loto_bcos_24,general_loto_bcos,,,24,scratch,18,2.2574461459454,3.785283217063317
